Population,Generation,GFP,wbar,ubar
0,0,0.5,1.0,0.0
0,1,0.5015,1.0000433575896464,0.00116
0,2,0.49976,1.0003659716748023,0.00484
0,3,0.59255,1.0552792302846465,0.19578
0,4,0.99712,1.3133700291884827,0.99602
0,5,1.0,1.3158823324706894,1.00374
0,6,1.0,1.3166245175757958,1.01217
0,7,1.0,1.3205864693912737,1.05387
0,8,1.0,1.3390402316069163,1.23508
0,9,1.0,1.3869170696386888,1.67926
0,10,1.0,1.4233732217769546,1.98098
0,11,1.0,1.4749772398055478,2.29663
0,12,1.0,1.5883515814015534,2.87153
1,0,0.5,1.0,0.0
1,1,0.49852,1.0000579827213156,0.00127
1,2,0.4988,1.000464815859962,0.00647
1,3,0.51923,1.006045444915736,0.05785
1,4,0.63906,1.057856387935706,0.48053
1,5,0.69835,1.1207666461972412,0.95516
1,6,0.63962,1.1336747301428025,1.03768
1,7,0.55861,1.1586733994640732,1.24183
1,8,0.39652,1.2271238025254982,1.78508
1,9,0.22026,1.261388073280432,2.00972
1,10,0.15123,1.2749229977526895,2.085
1,11,0.20634,1.3193479473380847,2.4125
1,12,0.19246,1.3920939872719016,2.89128
2,0,0.5,1.0,0.0
2,1,0.5004,1.0000473738237432,0.00136
2,2,0.49783,1.000342764651345,0.00509
2,3,0.52226,1.016324606321702,0.08925
2,4,0.9042,1.198004743856953,0.91414
2,5,0.98715,1.2215515386280904,1.00511
2,6,0.99655,1.2319963160094378,1.06406
2,7,0.99975,1.3550172613786056,1.70147
2,8,1.0,1.49049797742755,2.46619
2,9,1.0,1.6483511645122484,3.52976
2,10,1.0,1.709743013076352,3.94877
2,11,1.0,1.7239371335427158,4.05596
2,12,1.0,1.7496185190323263,4.25969
3,0,0.5,1.0,0.0
3,1,0.50118,1.0001179747410052,0.0019
3,2,0.4848,1.00239582765296,0.01884
3,3,0.30283,1.0665840882015878,0.40119
3,4,0.01776,1.1680642538224533,0.97647
3,5,0.00189,1.1740513571398947,1.01079
3,6,0.00065,1.1800504998117975,1.05075
3,7,0.00024,1.3178093871641765,1.65291
3,8,2e-05,1.4031819764711766,1.99947
3,9,0.0,1.4864743424226181,2.29706
3,10,0.0,1.6827158386159171,2.97943
3,11,0.0,1.693147755610339,3.01686
3,12,0.0,1.726629642314492,3.18468
4,0,0.5,1.0,0.0
4,1,0.50101,1.000032011600903,0.00082
4,2,0.49948,1.0001985994049787,0.00325
4,3,0.49925,1.001524053893797,0.01914
4,4,0.53501,1.0133365426926093,0.14744
4,5,0.69473,1.0703819024587586,0.69332
4,6,0.78069,1.1147119120766837,1.04352
4,7,0.89074,1.272717661625241,1.8509
4,8,0.99972,1.501153132568519,2.98457
4,9,1.0,1.504629313855334,3.00278
4,10,1.0,1.5071143207872695,3.02058
4,11,1.0,1.5362272517074802,3.19309
4,12,1.0,1.6490152541019103,3.78649
5,0,0.5,1.0,0.0
5,1,0.49802,1.0000632833737066,0.00187
5,2,0.49471,1.0003808088069155,0.00608
5,3,0.48939,1.0055266638422893,0.04774
5,4,0.43769,1.0747763446830414,0.52315
5,5,0.34689,1.1460634048426543,0.98199
5,6,0.30316,1.1554874816689664,1.05619
5,7,0.21237,1.1805228757526924,1.30176
5,8,0.06375,1.2411442829597719,1.79731
5,9,0.00584,1.2846790396769758,1.99232
5,10,0.00082,1.3087906205115651,2.04466
5,11,0.0001,1.3880855113290225,2.45845
5,12,4e-05,1.4875247385016694,3.01388
6,0,0.5,1.0,0.0
6,1,0.49821,1.0000365510614346,0.00097
6,2,0.49939,1.0002728186708123,0.00449
6,3,0.50724,1.0023670436569645,0.0286
6,4,0.46272,1.0429694369755707,0.28002
6,5,0.04066,1.2727668187408878,0.98837
6,6,0.003,1.2876590016058183,1.00475
6,7,0.00033,1.3024458084666208,1.06948
6,8,0.0,1.506269270541496,1.84947
6,9,0.0,1.5489385385856935,2.00017
6,10,0.0,1.5505711094390648,2.00812
6,11,0.0,1.5622902819019053,2.06582
6,12,0.0,1.7320027999978806,2.69921
7,0,0.5,1.0,0.0
7,1,0.49675,1.0000208990767812,0.0006
7,2,0.50078,1.0001871573966958,0.00364
7,3,0.49696,1.0015692465907038,0.01907
7,4,0.49387,1.0235500101198165,0.19601
7,5,0.43151,1.130270407276744,1.00128
7,6,0.52301,1.1840241697648122,1.43227
7,7,0.91544,1.3332099228601417,2.03743
7,8,0.99846,1.4620659683629407,2.71825
7,9,0.99993,1.503058366233373,2.98487
7,10,1.0,1.5830569075932768,3.30512
7,11,1.0,1.7680353257118255,3.96895
7,12,1.0,1.786455399302351,4.01862
8,0,0.5,1.0,0.0
8,1,0.5055,1.0000846794830687,0.00175
8,2,0.50387,1.0008278569074285,0.01053
8,3,0.52995,1.0101178504885702,0.09439
8,4,0.70081,1.0703331743031053,0.59917
8,5,0.80793,1.1186222386006446,0.98727
8,6,0.80982,1.139054355803417,1.13632
8,7,0.9383,1.2602758333293362,1.77696
8,8,0.99659,1.3180404351425774,1.99824
8,9,0.99931,1.3287519042069413,2.01758
8,10,0.99955,1.3499452734333839,2.13725
8,11,0.99993,1.43336252784722,2.67807
8,12,1.0,1.4855586761228696,3.01124
9,0,0.5,1.0,0.0
9,1,0.50024,1.000084062244137,0.00133
9,2,0.4895,1.0086733495502647,0.03859
9,3,0.04574,1.2338481233204532,0.91318
9,4,0.00018,1.2573873041366874,1.00482
9,5,0.0,1.278691985580296,1.11456
9,6,0.0,1.42361074736729,1.83379
9,7,0.0,1.4573119569685757,1.99803
9,8,0.0,1.4590057584081648,2.00905
9,9,0.0,1.4616526040914692,2.03477
9,10,0.0,1.477328007391796,2.17046
9,11,0.0,1.5311308639606702,2.5881
9,12,0.0,1.609684428738361,2.93319
10,0,0.5,1.0,0.0
10,1,0.4958,1.0000430327514607,0.00125
10,2,0.50271,1.0002340406058619,0.00416
10,3,0.50056,1.0019085726918173,0.02197
10,4,0.53526,1.0211994654214611,0.19226
10,5,0.7285,1.1026611587989936,0.80779
10,6,0.88179,1.1421997516821538,1.01454
10,7,0.93363,1.1566259157644885,1.08143
10,8,0.93868,1.1788078435713976,1.29197
10,9,0.97681,1.3391300330512454,2.45718
10,10,0.99932,1.4165158124011108,2.97575
10,11,1.0,1.435776916818318,3.06495
10,12,1.0,1.6553005508827774,3.84642
11,0,0.5,1.0,0.0
11,1,0.50706,1.000039183919189,0.00102
11,2,0.50362,1.000234504080272,0.00399
11,3,0.49862,1.0021335356060004,0.02449
11,4,0.47233,1.0189183090753868,0.1955
11,5,0.3896,1.0746086289369166,0.73949
11,6,0.34604,1.1083357061327517,1.0537
11,7,0.21444,1.1641383134141974,1.47861
11,8,0.0299,1.2297526360059616,1.93991
11,9,0.00204,1.244743758995151,2.03755
11,10,0.00017,1.2871277662777765,2.3485
11,11,0.0,1.3587140441926264,2.87323
11,12,0.0,1.3964387640729141,3.09317
12,0,0.5,1.0,0.0
12,1,0.49288,1.0001455057858808,0.00212
12,2,0.48787,1.0022767774210695,0.02092
12,3,0.43239,1.0315948881276282,0.25672
12,4,0.26056,1.1118992544190451,0.876
12,5,0.19785,1.131358064038166,1.00321
12,6,0.17458,1.1395136013331075,1.04689
12,7,0.12702,1.1673719754347756,1.27775
12,8,0.04757,1.2228138337419299,1.7786
12,9,0.00923,1.2516480583193996,2.00944
12,10,0.01542,1.2690409821986086,2.09786
12,11,0.0999,1.3053837474499599,2.26283
12,12,0.2453,1.374957318375366,2.57055
13,0,0.5,1.0,0.0
13,1,0.50728,1.0000688761847305,0.00174
13,2,0.50577,1.0009755359480232,0.01216
13,3,0.51673,1.0182824682570741,0.13498
13,4,0.67756,1.144489053738652,0.87545
13,5,0.70571,1.1795969312480743,1.04839
13,6,0.65273,1.1841918042173365,1.09214
13,7,0.5961,1.198488486493827,1.19795
13,8,0.13627,1.3971481258959588,1.87403
13,9,0.0034,1.4551391232642017,2.01886
13,10,3e-05,1.54233136326065,2.38448
13,11,0.0,1.6861468194058813,2.97345
13,12,0.0,1.700428973229473,3.03144
14,0,0.5,1.0,0.0
14,1,0.50923,1.0000825925159336,0.00172
14,2,0.51016,1.0008460147181195,0.01118
14,3,0.5456,1.014508090917541,0.11379
14,4,0.83342,1.1117596387116464,0.76572
14,5,0.96374,1.149733602544029,1.00057
14,6,0.99159,1.275011954501665,1.47665
14,7,0.99994,1.41564584624023,1.99656
14,8,1.0,1.432276233221782,2.06293
14,9,1.0,1.6242500658014851,2.80275
14,10,1.0,1.675749004533884,3.00281
14,11,1.0,1.686801874142428,3.06192
14,12,1.0,1.7870270379380468,3.52158
15,0,0.5,1.0,0.0
15,1,0.50036,1.0000311961647363,0.00102
15,2,0.50168,1.0005517760982112,0.00594
15,3,0.46238,1.0132896725183487,0.09775
15,4,0.13715,1.1102167943708656,0.75766
15,5,0.00911,1.1462497120103947,0.99487
15,6,0.00085,1.156974185599802,1.05067
15,7,8e-05,1.306029951678675,1.74241
15,8,0.0,1.3673330224873692,2.0162
15,9,0.0,1.4900472627940728,2.5335
15,10,0.0,1.598282565100563,2.99103
15,11,0.0,1.6041877716433766,3.02562
15,12,0.0,1.621766852127898,3.14236
16,0,0.5,1.0,0.0
16,1,0.50085,1.0000982520162034,0.00176
16,2,0.49676,1.0018254840627547,0.01656
16,3,0.39907,1.0390998194762902,0.27995
16,4,0.08249,1.1414674268253362,0.94354
16,5,0.01745,1.1586215232787103,1.04181
16,6,0.00381,1.1907024973831088,1.29421
16,7,0.00027,1.2624067631763767,1.84085
16,8,4e-05,1.302953021548677,2.06716
16,9,0.0,1.411471902273923,2.64613
16,10,0.0,1.4660141503932704,2.97386
16,11,0.0,1.5851701453216327,3.37626
16,12,0.0,1.7796088303036592,3.99595
17,0,0.5,1.0,0.0
17,1,0.49891,1.000055164437973,0.00087
17,2,0.51028,1.001730910068855,0.01264
17,3,0.68594,1.0849005645291387,0.42083
17,4,0.98352,1.2085904047625262,0.98849
17,5,0.99863,1.2129993610619727,1.008
17,6,0.99984,1.225261175115871,1.08438
17,7,0.99997,1.3678456422446255,1.75999
17,8,1.0,1.4336392854805693,2.00232
17,9,1.0,1.4775807447398774,2.16486
17,10,1.0,1.6723914992244746,2.91244
17,11,1.0,1.6994940894657287,3.0074
17,12,1.0,1.7124245852782392,3.06433
18,0,0.5,1.0,0.0
18,1,0.5038,1.0000734642031666,0.00179
18,2,0.50185,1.0003256057719518,0.00534
18,3,0.46878,1.01196889963841,0.06985
18,4,0.07189,1.1740937199546038,0.86536
18,5,0.00097,1.2031760747589229,1.0037
18,6,9e-05,1.2139467054249693,1.06326
18,7,0.0,1.3338271826284378,1.70162
18,8,0.0,1.3918447481505192,2.00081
18,9,0.0,1.4500903426369351,2.26804
18,10,0.0,1.63067479896727,2.99412
18,11,0.0,1.652468187651143,3.08703
18,12,0.0,1.7190087349641858,3.39991
19,0,0.5,1.0,0.0
19,1,0.50192,1.0000865794913167,0.00168
19,2,0.50946,1.0004713328812973,0.00802
19,3,0.50577,1.0032238497956738,0.04171
19,4,0.48301,1.0234415306980595,0.25494
19,5,0.52168,1.0859935526415772,0.83256
19,6,0.63213,1.1266590404612196,1.14217
19,7,0.67988,1.1564176820462415,1.35123
19,8,0.78534,1.2091337449819937,1.71843
19,9,0.90696,1.2464305534281785,1.96418
19,10,0.94957,1.2840108710282445,2.17908
19,11,0.96784,1.4102980918416024,2.85486
19,12,0.98384,1.4436191736743034,3.02769
20,0,0.5,1.0,0.0
20,1,0.49485,1.0000463623190863,0.00119
20,2,0.4911,1.0005714151613763,0.00746
20,3,0.46309,1.008670944448154,0.07527
20,4,0.25124,1.0771282786535026,0.59897
20,5,0.07838,1.128615926175625,0.97762
20,6,0.05109,1.1373001219373478,1.03649
20,7,0.02808,1.2253585042735784,1.49334
20,8,0.00293,1.341650141971902,1.98388
20,9,0.0001,1.3646035960986818,2.01204
20,10,1e-05,1.4138732373869574,2.19294
20,11,0.0,1.6209023083485692,2.92477
20,12,0.0,1.675584013213261,3.00287
21,0,0.5,1.0,0.0
21,1,0.50504,1.0000212451229518,0.00091
21,2,0.50931,1.0000620399474678,0.00265
21,3,0.5121,1.000202374028624,0.0061
21,4,0.51179,1.0021458121910058,0.02358
21,5,0.26405,1.1222777778379986,0.54261
21,6,0.00385,1.238419102431693,0.99834
21,7,0.00013,1.2411876012593848,1.01499
21,8,0.0,1.262196410152595,1.1505
21,9,0.0,1.3845831625244647,1.86947
21,10,0.0,1.458507265374123,2.38628
21,11,0.0,1.5082328125490574,2.81852
21,12,0.0,1.532073991156335,3.01584
22,0,0.5,1.0,0.0
22,1,0.50085,1.0000666128535616,0.00159
22,2,0.49699,1.000298130275027,0.00601
22,3,0.50339,1.0014841536846488,0.02068
22,4,0.47374,1.0185712130016469,0.16504
22,5,0.1804,1.107240018794843,0.79377
22,6,0.02837,1.1470830551314362,1.03854
22,7,0.00376,1.2560763830429014,1.62856
22,8,0.0001,1.3268346292785813,1.98986
22,9,0.0,1.3308730887547495,2.01063
22,10,0.0,1.34205257803626,2.08236
22,11,0.0,1.4445167261776837,2.62925
22,12,0.0,1.5204855570428013,2.98839
23,0,0.5,1.0,0.0
23,1,0.49995,1.0000564799883,0.00154
23,2,0.49519,1.0007066917641392,0.008
23,3,0.5311,1.0107886568608384,0.09224
23,4,0.81116,1.0803255824909805,0.64714
23,5,0.9848,1.1354096384011867,1.07948
23,6,0.99833,1.198607322234844,1.598
23,7,0.9997,1.246031779567505,1.97655
23,8,0.99988,1.3411425106706074,2.38449
23,9,1.0,1.5030040512376255,3.00267
23,10,1.0,1.518095117374701,3.0933
23,11,1.0,1.5894550787725008,3.50077
23,12,1.0,1.8197687086468364,4.58617
24,0,0.5,1.0,0.0
24,1,0.49955,1.0000532357786298,0.0009
24,2,0.49172,1.0005112950240433,0.00605
24,3,0.51286,1.0063298226859474,0.06166
24,4,0.69207,1.0505334576806715,0.46414
24,5,0.91888,1.1024435354574589,0.92534
24,6,0.97231,1.1126020782124848,1.0142
24,7,0.98774,1.1476647874072674,1.21848
24,8,0.99909,1.2927732848568447,1.9383
24,9,0.99998,1.311492813012455,2.01089
24,10,1.0,1.3141723941364014,2.01779
24,11,1.0,1.3202995487629345,2.06105
24,12,1.0,1.3608389581502034,2.35811
25,0,0.5,1.0,0.0
25,1,0.49751,1.0000591485271677,0.00101
25,2,0.49617,1.0004436079001287,0.00633
25,3,0.49952,1.0037181021822592,0.04219
25,4,0.51466,1.0274620715635374,0.28587
25,5,0.51291,1.0805876492943747,0.80118
25,6,0.45552,1.1018449822025216,0.98488
25,7,0.38625,1.1073421552015998,1.01737
25,8,0.32024,1.1156552344563655,1.0758
25,9,0.16418,1.2081732562753025,1.58508
25,10,0.02128,1.296982756343872,2.02838
25,11,0.00887,1.3130263798559705,2.12316
25,12,0.00086,1.5881982757079987,2.89828
26,0,0.5,1.0,0.0
26,1,0.49222,1.0000794056203892,0.00112
26,2,0.49061,1.0009002456855862,0.00872
26,3,0.43974,1.014361928374493,0.11717
26,4,0.13043,1.111925030496249,0.77744
26,5,0.00512,1.2482877447562124,1.52156
26,6,0.00022,1.323425033884783,1.96875
26,7,0.0,1.3290290462362715,2.00713
26,8,0.0,1.3359252610444274,2.05716
26,9,0.0,1.3929921465471313,2.42438
26,10,0.0,1.4744370926883321,2.92306
26,11,0.0,1.4923990922912147,3.01646
26,12,0.0,1.600438301338341,3.44417
27,0,0.5,1.0,0.0
27,1,0.50059,1.0000672837669085,0.00156
27,2,0.50319,1.0004701598067334,0.0067
27,3,0.48769,1.0043782392402636,0.04601
27,4,0.37936,1.036601637928894,0.35119
27,5,0.18055,1.0934496584604287,0.87413
27,6,0.1271,1.1072153843792842,0.99517
27,7,0.12587,1.1117224478413004,1.02789
27,8,0.12489,1.1428772106282477,1.22418
27,9,0.04383,1.2516611411731726,1.85794
27,10,0.00522,1.2784387065327207,1.99998
27,11,0.00052,1.2819060172903152,2.02664
27,12,0.00012,1.3061474471721402,2.14626
28,0,0.5,1.0,0.0
28,1,0.49881,1.0000462951763986,0.00079
28,2,0.49922,1.000912949567929,0.00812
28,3,0.42226,1.021933990848546,0.14983
28,4,0.07539,1.1280145913448456,0.85874
28,5,0.00322,1.1507239497573072,1.01639
28,6,6e-05,1.1588986134448782,1.08912
28,7,0.0,1.2290439597596547,1.6048
28,8,0.0,1.3606111453407486,2.56474
28,9,0.0,1.4066883125419438,2.93654
28,10,0.0,1.4258236583975388,3.05525
28,11,0.0,1.5735096582446493,3.69645
28,12,0.0,1.6717557920189217,4.01803
29,0,0.5,1.0,0.0
29,1,0.50869,1.0000425175841794,0.00111
29,2,0.50182,1.0001791346564386,0.00319
29,3,0.50683,1.0011261817918826,0.01487
29,4,0.4492,1.0382088916505612,0.21437
29,5,0.02955,1.2110359923406233,0.97495
29,6,0.00062,1.2782310705886721,1.26797
29,7,0.0,1.4797887184711385,2.00612
29,8,0.0,1.4942151305950808,2.05456
29,9,0.0,1.4984291221657207,2.09271
29,10,0.0,1.5394627098458558,2.36107
29,11,0.0,1.6825518356563138,3.27782
29,12,0.0,1.7472256396953378,3.78231
30,0,0.5,1.0,0.0
30,1,0.49556,1.0000202673406275,0.00075
30,2,0.49566,1.0003525063334684,0.00428
30,3,0.51582,1.0062363482722485,0.04952
30,4,0.77556,1.081902412876793,0.58474
30,5,0.98862,1.1586925615120216,1.14167
30,6,0.99982,1.214390128734799,1.57831
30,7,1.0,1.457727386123194,2.02066
30,8,1.0,1.4877348708807787,2.02526
30,9,1.0,1.5572018653942514,2.29683
30,10,1.0,1.7329544431386266,2.95978
30,11,1.0,1.760053935991741,3.04093
30,12,1.0,2.036024921423911,3.77271
31,0,0.5,1.0,0.0
31,1,0.50301,1.0000250721334587,0.00083
31,2,0.5022,1.0001293102042959,0.00267
31,3,0.48813,1.0023197600155584,0.0196
31,4,0.36004,1.0832631778339294,0.44994
31,5,0.48853,1.2105656083219767,0.98811
31,6,0.79728,1.2357792547983035,1.00734
31,7,0.93937,1.2540737957746262,1.06971
31,8,0.97428,1.3174051964428597,1.50163
31,9,0.9815,1.3804311216981304,1.94308
31,10,0.98788,1.3949343855197291,2.04358
31,11,0.99499,1.4475942796856982,2.37355
31,12,0.99949,1.5453626664766993,2.91294
32,0,0.5,1.0,0.0
32,1,0.49768,1.0003702802154315,0.00245
32,2,0.67146,1.1006775105834021,0.35385
32,3,0.99792,1.2874962536615624,0.99802
32,4,0.99998,1.2886443557879403,1.00409
32,5,1.0,1.2892573620378702,1.0124
32,6,1.0,1.2934820282771415,1.05386
32,7,1.0,1.321421581846651,1.28909
32,8,1.0,1.3932217727918812,1.8004
32,9,1.0,1.4539239489367546,2.06353
32,10,1.0,1.670473273044253,2.80545
32,11,1.0,1.7262806753001168,2.99748
32,12,1.0,1.728478530818841,3.00932
33,0,0.5,1.0,0.0
33,1,0.50681,1.0000440568785056,0.00118
33,2,0.5062,1.0002371569032338,0.00447
33,3,0.511,1.0025754159216733,0.02846
33,4,0.51382,1.0514020978045133,0.3317
33,5,0.09537,1.2126991233404252,0.97675
33,6,0.00791,1.2289945700522409,1.00947
33,7,0.00102,1.23461180293171,1.0479
33,8,6e-05,1.3622152473418074,1.55638
33,9,0.0,1.5153861857399538,2.0008
33,10,0.0,1.5906355226739428,2.24664
33,11,0.0,1.8046476836618932,2.96668
33,12,0.0,1.8155816397684832,3.00531
34,0,0.5,1.0,0.0
34,1,0.49796,1.0000759740016658,0.00143
34,2,0.49841,1.0006121897564637,0.00707
34,3,0.52483,1.0100292186353208,0.08025
34,4,0.79243,1.0979043507313124,0.67624
34,5,0.96144,1.1499085212340188,0.9939
34,6,0.98364,1.1588078536829856,1.05671
34,7,0.99178,1.1875351286069535,1.32682
34,8,0.99878,1.2599497277405927,1.98798
34,9,0.99991,1.366238160578581,2.65061
34,10,0.99995,1.5238420524930079,2.99196
34,11,1.0,1.5425748571471545,3.02182
34,12,1.0,1.576605504336051,3.20778
35,0,0.5,1.0,0.0
35,1,0.49429,1.0000323468814531,0.00109
35,2,0.49867,1.0004283859642107,0.0056
35,3,0.56896,1.0325141153361361,0.15201
35,4,0.97994,1.2285109019813147,0.97089
35,5,0.99963,1.237415003718121,1.00973
35,6,0.99991,1.2536824649311145,1.1041
35,7,1.0,1.3987466490641234,1.79959
35,8,1.0,1.4462219356121768,2.00021
35,9,1.0,1.4511308726044145,2.02583
35,10,1.0,1.4691711401033354,2.15307
35,11,1.0,1.5653073710341023,2.68573
35,12,1.0,1.639891844846374,3.00258
36,0,0.5,1.0,0.0
36,1,0.49225,1.0001379154217034,0.00185
36,2,0.50857,1.0038127563585253,0.02749
36,3,0.75004,1.0883591175017242,0.53278
36,4,0.98804,1.1688464605532929,1.00777
36,5,0.99949,1.1734187141240378,1.03972
36,6,0.99992,1.2304426425135702,1.28627
36,7,1.0,1.4076234711114084,1.97815
36,8,1.0,1.423333932807123,2.05441
36,9,1.0,1.491265840545089,2.46292
36,10,1.0,1.5748110810411262,2.93825
36,11,1.0,1.6007599883051438,3.06038
36,12,1.0,1.7223023557738686,3.59762
37,0,0.5,1.0,0.0
37,1,0.496,1.0000701733907476,0.00122
37,2,0.49464,1.0004231683489275,0.00608
37,3,0.4865,1.0047710861081005,0.04777
37,4,0.37543,1.0513329942621379,0.42041
37,5,0.11301,1.1307379275838079,0.95586
37,6,0.0316,1.1516249452970917,1.06539
37,7,0.00602,1.2128091137270574,1.4532
37,8,0.00015,1.2942551736844994,1.94961
37,9,0.0,1.303887052779893,2.00541
37,10,0.0,1.3100685923171127,2.05029
37,11,0.0,1.3688362953906017,2.39473
37,12,0.0,1.5119040266689976,2.95912
38,0,0.5,1.0,0.0
38,1,0.50933,1.0001184409427673,0.00181
38,2,0.51861,1.0034836246171304,0.02344
38,3,0.73208,1.0881321598641096,0.51292
38,4,0.95552,1.1970687552221324,1.08555
38,5,0.99846,1.4215712077148674,1.94591
38,6,0.99997,1.4370905956343354,2.00839
38,7,1.0,1.4430422510334753,2.05347
38,8,1.0,1.4994071606321444,2.37879
38,9,1.0,1.629695534341341,2.97769
38,10,1.0,1.688954965979512,3.25772
38,11,1.0,1.823058832671011,3.82473
38,12,1.0,1.953551610587762,4.25936
39,0,0.5,1.0,0.0
39,1,0.5027,1.0000540746168787,0.001
39,2,0.50214,1.000918607945768,0.00784
39,3,0.42148,1.032823875773569,0.19476
39,4,0.04383,1.1627522347180712,0.92802
39,5,0.00249,1.1765552870457796,1.00453
39,6,0.00048,1.1816993660418955,1.04648
39,7,7e-05,1.2243100093558663,1.37233
39,8,0.0,1.3110866742953633,1.96046
39,9,0.0,1.5554255050955075,2.86802
39,10,0.0,1.5979853303440361,3.02261
39,11,0.0,1.7203921189082627,3.47798
39,12,0.0,1.8745185240323303,3.98969
40,0,0.5,1.0,0.0
40,1,0.50417,1.000066811944561,0.00163
40,2,0.50698,1.0005489054993304,0.00762
40,3,0.51245,1.0052803011060973,0.05366
40,4,0.41582,1.0539581121380475,0.44027
40,5,0.14006,1.1262609280730747,0.9429
40,6,0.03943,1.1478848860664719,1.03831
40,7,0.0017,1.380426049588104,1.88719
40,8,0.0,1.4126056774344031,2.00743
40,9,0.0,1.4152630896077287,2.03547
40,10,0.0,1.4296864796717774,2.16286
40,11,0.0,1.496446414516785,2.61287
40,12,0.0,1.582987231498176,2.97837
41,0,0.5,1.0,0.0
41,1,0.49727,1.0000382987139391,0.00117
41,2,0.49871,1.0009120945287515,0.00801
41,3,0.60497,1.0419485807019928,0.23768
41,4,0.97296,1.1739157292037221,0.95756
41,5,0.99924,1.183146841542453,1.00966
41,6,0.99998,1.1870677124610232,1.04732
41,7,1.0,1.2313699215514942,1.34602
41,8,1.0,1.3388594945654166,1.92768
41,9,1.0,1.359655648020201,2.01009
41,10,1.0,1.4147224710660777,2.24693
41,11,1.0,1.576326002295546,2.94084
41,12,1.0,1.593585298612201,3.0167
42,0,0.5,1.0,0.0
42,1,0.49296,1.0000473462687596,0.00126
42,2,0.49008,1.0003392793660648,0.00532
42,3,0.49734,1.0030081650500653,0.03381
42,4,0.61432,1.028684807143201,0.27341
42,5,0.90505,1.1028869747881362,0.84792
42,6,0.99333,1.1928782908908977,1.00997
42,7,0.99981,1.2555166041771861,1.0182
42,8,1.0,1.2661130232589444,1.05005
42,9,1.0,1.2892407533118992,1.22743
42,10,1.0,1.41438728458172,1.82839
42,11,1.0,1.4770706036699726,2.00259
42,12,1.0,1.4881606034206447,2.03885
43,0,0.5,1.0,0.0
43,1,0.49816,1.0000996815627208,0.00177
43,2,0.49877,1.0010663433206974,0.01278
43,3,0.46166,1.0105195603057335,0.10629
43,4,0.23878,1.0621660659437742,0.58216
43,5,0.04973,1.106413926879642,0.95285
43,6,0.01459,1.122852316441218,1.03266
43,7,0.00395,1.1875223699020283,1.40323
43,8,0.00033,1.265077793700561,1.91134
43,9,0.0001,1.281783534045683,2.00455
43,10,0.0,1.3044888517387216,2.11203
43,11,0.0,1.427325347597695,2.74417
43,12,0.0,1.4792719376603491,2.99548
44,0,0.5,1.0,0.0
44,1,0.5026,1.0000786513906417,0.00106
44,2,0.51002,1.00127430124458,0.01234
44,3,0.56654,1.0181047241971903,0.15074
44,4,0.78051,1.101298238023673,0.77613
44,5,0.77772,1.1391774037071911,0.99157
44,6,0.71921,1.152195835172913,1.0181
44,7,0.77127,1.2059736072616147,1.29145
44,8,0.92557,1.3281994110010005,1.93489
44,9,0.92222,1.344211112218134,2.01206
44,10,0.8529,1.3686128859850824,2.15708
44,11,0.43103,1.4855414758703733,2.78668
44,12,0.15589,1.5341211175172138,2.99931
45,0,0.5,1.0,0.0
45,1,0.48961,1.000041731477783,0.00095
45,2,0.48601,1.0003138854382065,0.00475
45,3,0.49629,1.0049720151889332,0.04073
45,4,0.72351,1.1031956402730372,0.58529
45,5,0.96975,1.1882376676717155,0.99428
45,6,0.99445,1.193452678485934,1.01575
45,7,0.99894,1.2013512061827971,1.0906
45,8,0.99982,1.2392858982691328,1.43818
45,9,1.0,1.293636067711001,1.90105
45,10,1.0,1.3194223299467087,2.1078
45,11,1.0,1.3533122920826355,2.43694
45,12,1.0,1.4190373974038264,2.931
46,0,0.5,1.0,0.0
46,1,0.4924,1.0000541950412554,0.00091
46,2,0.48949,1.0016081465073858,0.01307
46,3,0.38478,1.0408709761328832,0.27236
46,4,0.16319,1.1469760661645407,0.93412
46,5,0.23346,1.1683933335470946,1.03317
46,6,0.17235,1.3033981721421448,1.65587
46,7,0.06173,1.3752710228353486,1.99844
46,8,0.06285,1.3815550828835272,2.03835
46,9,0.04323,1.4573597088687162,2.40524
46,10,0.00301,1.5867561779932733,2.96249
46,11,0.00022,1.6000129048704066,3.01371
46,12,2e-05,1.6092171928328762,3.07996
47,0,0.5,1.0,0.0
47,1,0.49756,1.000064109813554,0.00115
47,2,0.50033,1.0010132978134252,0.00848
47,3,0.55524,1.0313611585640157,0.18992
47,4,0.44805,1.1951052414705667,0.94706
47,5,0.16704,1.2310486854152398,1.00942
47,6,0.06494,1.242453986584848,1.05103
47,7,0.0258,1.267474395666031,1.26771
47,8,0.0064,1.32470916996335,1.75093
47,9,0.00122,1.3569486219236044,1.97155
47,10,0.00017,1.3699081849847548,2.01391
47,11,0.00011,1.3811343094295367,2.05304
47,12,3e-05,1.4041631424238743,2.20402
48,0,0.5,1.0,0.0
48,1,0.49042,1.0000267971434567,0.00081
48,2,0.48665,1.0002783715749428,0.00487
48,3,0.4799,1.0020525564231697,0.02474
48,4,0.43699,1.017498397667323,0.17898
48,5,0.243,1.0745572849450828,0.71191
48,6,0.10033,1.1057003578114606,0.97256
48,7,0.05446,1.1144912597039727,1.01677
48,8,0.03665,1.1311949129164327,1.11844
48,9,0.0332,1.1841974737314906,1.56934
48,10,0.01542,1.3091006501566966,2.6184
48,11,0.00084,1.3594151472243912,2.98938
48,12,1e-05,1.3843298505817498,3.11651
49,0,0.5,1.0,0.0
49,1,0.50512,1.0000582790487738,0.0013
49,2,0.49958,1.000531203342099,0.00731
49,3,0.49595,1.0052949148580124,0.05309
49,4,0.3681,1.0614693876559447,0.47359
49,5,0.09443,1.1456296963430301,0.96313
49,6,0.02357,1.1627901240291203,1.02006
49,7,0.00515,1.2900103987045606,1.57286
49,8,8e-05,1.387561558224651,1.99378
49,9,0.0,1.3901363155676527,2.0085
49,10,0.0,1.3923019196142536,2.03208
49,11,0.0,1.447135023112875,2.24647
49,12,0.0,1.7158298887860362,2.97906
50,0,0.5,1.0,0.0
50,1,0.49298,1.000079818826676,0.00134
50,2,0.4952,1.0020489172286848,0.0177
50,3,0.43242,1.0381587839497084,0.27418
50,4,0.22759,1.1340103003580007,0.9216
50,5,0.1757,1.1541331159100137,1.03379
50,6,0.08109,1.243776776214712,1.52577
50,7,0.00584,1.3256874183960972,1.98762
50,8,0.00248,1.344580097012351,2.11716
50,9,0.00121,1.4234722147571848,2.67233
50,10,7e-05,1.545937400024261,3.43577
50,11,0.0,1.6221155611990787,3.87768
50,12,0.0,1.6409676056186169,4.00788
51,0,0.5,1.0,0.0
51,1,0.49822,1.0000736850399938,0.00125
51,2,0.50055,1.001131170477687,0.01084
51,3,0.53735,1.0209814815044678,0.15479
51,4,0.8096,1.1255265517519772,0.8432
51,5,0.84131,1.1724023577128593,1.03394
51,6,0.6709,1.2413087166861796,1.3043
51,7,0.75727,1.301534584389804,1.71369
51,8,0.92391,1.3355218651855958,1.93832
51,9,0.98507,1.3619702187633418,2.05895
51,10,0.99814,1.396247325027022,2.29807
51,11,0.99982,1.4667081235777173,2.81463
51,12,1.0,1.550501443189623,3.39944
52,0,0.5,1.0,0.0
52,1,0.50329,1.000112857627221,0.00173
52,2,0.51434,1.001527672291406,0.01349
52,3,0.52283,1.0363145014156079,0.24089
52,4,0.44981,1.1494363524937654,0.92293
52,5,0.33976,1.1682472497515528,1.01299
52,6,0.33827,1.1912951951214916,1.16163
52,7,0.74787,1.2725429632573841,1.75058
52,8,0.92595,1.3044684237961854,1.98453
52,9,0.93285,1.3082281920600975,2.0164
52,10,0.91543,1.3107613157824578,2.0473
52,11,0.90172,1.3208185637481409,2.15049
52,12,0.92664,1.37492863725595,2.53929
53,0,0.5,1.0,0.0
53,1,0.49996,1.0000697765209026,0.00147
53,2,0.50574,1.0004009282980162,0.00586
53,3,0.51614,1.0048985848667848,0.04683
53,4,0.69234,1.0502069720860854,0.41661
53,5,0.95585,1.1163435172667637,0.93247
53,6,0.99317,1.1257492116733592,1.00141
53,7,0.99549,1.1318971515221974,1.03747
53,8,0.99784,1.254345614994214,1.63278
53,9,0.99997,1.3348207392751557,1.99968
53,10,1.0,1.3484267105990535,2.06698
53,11,1.0,1.4660325289972456,2.64415
53,12,1.0,1.546083725867803,3.00289
54,0,0.5,1.0,0.0
54,1,0.50369,1.0000374052483905,0.00094
54,2,0.50084,1.000292079741072,0.00422
54,3,0.51859,1.0051797733001697,0.04392
54,4,0.72965,1.0585100618308192,0.46083
54,5,0.97076,1.1226914966044927,0.95578
54,6,0.9976,1.1346307651009584,1.04373
54,7,0.99971,1.1992780333285407,1.46175
54,8,1.0,1.2818822739376219,1.95916
54,9,1.0,1.297658410618713,2.04822
54,10,1.0,1.3725006192942735,2.48635
54,11,1.0,1.4574152814770973,2.95776
54,12,1.0,1.4687136054582008,3.01095
55,0,0.5,1.0,0.0
55,1,0.49999,1.0000641114329984,0.00155
55,2,0.50133,1.0005735958775595,0.00825
55,3,0.52229,1.0265510768166934,0.13047
55,4,0.86223,1.2690729691587361,0.9782
55,5,0.96574,1.2854456522832707,1.00965
55,6,0.99082,1.3033922951309087,1.11379
55,7,0.99877,1.396278368221574,1.6857
55,8,0.99985,1.4479248232775077,1.98448
55,9,1.0,1.4695655315741096,2.06324
55,10,1.0,1.560661007177128,2.49964
55,11,1.0,1.6342196761494738,2.91786
55,12,1.0,1.6466310465569847,3.0003
56,0,0.5,1.0,0.0
56,1,0.50276,1.0000550676181768,0.00093
56,2,0.49374,1.0021587391237112,0.0139
56,3,0.25258,1.1018330560307212,0.50768
56,4,0.00635,1.2022246100353307,0.99152
56,5,0.0002,1.2046346655405553,1.00375
56,6,0.00017,1.2065994627199776,1.02222
56,7,0.0,1.2280462114871975,1.18668
56,8,0.0,1.3090603808583854,1.77172
56,9,0.0,1.3436011707718163,2.01363
56,10,0.0,1.3497169339470805,2.07492
56,11,0.0,1.3566510834815901,2.17862
56,12,0.0,1.371026557713641,2.39074
57,0,0.5,1.0,0.0
57,1,0.50246,1.0001441748561704,0.00139
57,2,0.45695,1.0190266113815034,0.08919
57,3,0.03595,1.2035502218102807,0.93342
57,4,0.00023,1.2248735804024415,1.04427
57,5,0.0,1.3030008757260092,1.49326
57,6,0.0,1.4679217839930556,2.00712
57,7,0.0,1.5375065177932985,2.02256
57,8,0.0,1.6226892807459479,2.20663
57,9,0.0,2.111109748179846,2.99774
57,10,0.0,2.119478624060918,3.00465
57,11,0.0,2.1223485727444964,3.02061
57,12,0.0,2.1477303015075506,3.13324
58,0,0.5,1.0,0.0
58,1,0.50356,1.0000638963526651,0.00133
58,2,0.50314,1.0004150964318392,0.00619
58,3,0.49943,1.0036228398622282,0.0387
58,4,0.531,1.039190897078999,0.33263
58,5,0.79291,1.1289977056627685,0.9488
58,6,0.95296,1.1652604492670708,1.20678
58,7,0.99281,1.2021089842837764,1.602
58,8,0.99962,1.2382514395567035,1.91915
58,9,0.99997,1.2651798701011636,2.02867
58,10,1.0,1.2893079733299748,2.14632
58,11,1.0,1.3249223555064964,2.45064
58,12,1.0,1.3860501741401683,2.8587
59,0,0.5,1.0,0.0
59,1,0.48904,1.0000870294000448,0.00197
59,2,0.48088,1.0005829080708422,0.00859
59,3,0.46257,1.0052732097789987,0.06011
59,4,0.35007,1.0376583366051808,0.37282
59,5,0.14887,1.0938970620629873,0.88073
59,6,0.07313,1.1161291560286328,1.02138
59,7,0.00703,1.362279970166077,1.88324
59,8,3e-05,1.3992095793998012,2.00977
59,9,0.0,1.6568845038536844,2.7072
59,10,0.0,1.767585857533428,3.00747
59,11,0.0,1.7718406983941022,3.04068
59,12,0.0,1.7986037894990505,3.22824
60,0,0.5,1.0,0.0
60,1,0.49228,1.0000249691553187,0.00085
60,2,0.48564,1.0001064326854254,0.00263
60,3,0.49175,1.0008811769721202,0.01076
60,4,0.53035,1.0133512301554253,0.10994
60,5,0.82349,1.0955186433378747,0.71908
60,6,0.97726,1.133339792708696,0.98852
60,7,0.99471,1.1385097786984903,1.02952
60,8,0.99838,1.1600251218188329,1.21212
60,9,0.99963,1.2509752182262022,1.80495
60,10,1.0,1.3252437349125927,2.09378
60,11,1.0,1.3657143600808364,2.3595
60,12,1.0,1.405282170736181,2.7129
61,0,0.5,1.0,0.0
61,1,0.49835,1.00016934997115,0.0021
61,2,0.49577,1.0043761352644438,0.03084
61,3,0.24548,1.089116412286917,0.54501
61,4,0.01398,1.1662060624916084,0.99621
61,5,0.00106,1.1746150092146057,1.06647
61,6,0.00024,1.197215253554852,1.30038
61,7,2e-05,1.252688361717481,1.78271
61,8,0.0,1.3054061061458562,2.06145
61,9,0.0,1.3411842152321523,2.23561
61,10,0.0,1.3592927504544994,2.4332
61,11,0.0,1.3891689912696807,2.75657
61,12,0.0,1.5311376647189268,3.72908
62,0,0.5,1.0,0.0
62,1,0.51126,1.0000367196159539,0.00098
62,2,0.51334,1.000219637255602,0.00441
62,3,0.50988,1.003306462134854,0.0313
62,4,0.37194,1.0478986706878768,0.37102
62,5,0.0683,1.1279634072261002,0.94505
62,6,0.01188,1.225875004121677,1.35671
62,7,3e-05,1.3919482204675566,1.99013
62,8,0.0,1.3954099890919722,2.00368
62,9,0.0,1.4034671797538654,2.04043
62,10,0.0,1.5536756834251053,2.66098
62,11,0.0,1.636714403323496,2.99464
62,12,0.0,1.6400190444738296,3.01247
63,0,0.5,1.0,0.0
63,1,0.49752,1.0000855491183052,0.00208
63,2,0.49896,1.0005045480727268,0.00832
63,3,0.51658,1.0041136660719971,0.04763
63,4,0.60497,1.031157189567815,0.31874
63,5,0.72172,1.0853301782774785,0.8419
63,6,0.69178,1.1023974055408345,0.99246
63,7,0.6322,1.108987661193947,1.04282
63,8,0.63545,1.1351364861317381,1.26922
63,9,0.8208,1.1964704460653934,1.78735
63,10,0.8916,1.2245698952358857,1.99536
63,11,0.89287,1.26568008936033,2.22066
63,12,0.98305,1.4069175591816139,2.90386
64,0,0.5,1.0,0.0
64,1,0.50299,1.0000288151145198,0.00099
64,2,0.50364,1.0002252590122724,0.00313
64,3,0.51016,1.00219323585724,0.02172
64,4,0.60746,1.0250087054970152,0.21881
64,5,0.90986,1.0978042129061536,0.82319
64,6,0.99135,1.120276280115448,0.99021
64,7,0.99885,1.125753191398365,1.01044
64,8,0.99963,1.136549747982122,1.06422
64,9,0.99994,1.2054226515131168,1.51638
64,10,0.99999,1.2768343326484957,2.01651
64,11,1.0,1.3028661285981156,2.21695
64,12,1.0,1.3622703338606077,2.46038
65,0,0.5,1.0,0.0
65,1,0.49494,1.0001010650958695,0.00151
65,2,0.49721,1.002534052880128,0.01921
65,3,0.2934,1.0794180363894967,0.43611
65,4,0.00893,1.2170271217593136,0.9943
65,5,0.00059,1.267826699092766,1.10965
65,6,5e-05,1.608298279955148,1.99008
65,7,0.0,1.6132288657270313,2.00497
65,8,0.0,1.6229753964125557,2.05252
65,9,0.0,1.9434110994907008,3.07783
65,10,0.0,2.333440894433949,4.11805
65,11,0.0,2.356570251499062,4.29021
65,12,0.0,2.5026481868141115,4.69654
66,0,0.5,1.0,0.0
66,1,0.49768,1.000100804889102,0.00187
66,2,0.48925,1.000873327701828,0.01101
66,3,0.46701,1.0080536269505076,0.08401
66,4,0.28481,1.0559794554846653,0.5154
66,5,0.09695,1.1162663773910289,0.94732
66,6,0.08246,1.1415526734093273,1.01057
66,7,0.099,1.170257109994342,1.11276
66,8,0.0958,1.2726563098185217,1.72208
66,9,0.02813,1.4141799503530421,2.01805
66,10,0.00041,1.5448894179566133,2.13374
66,11,0.0,1.5644183757725287,2.32908
66,12,0.0,1.6085191095800684,2.77166
67,0,0.5,1.0,0.0
67,1,0.50112,1.00005134560006,0.00137
67,2,0.50992,1.0002137274773213,0.00392
67,3,0.50522,1.0018486115070244,0.0218
67,4,0.4828,1.0210087464902085,0.19023
67,5,0.44539,1.0958999837505108,0.79646
67,6,0.46201,1.1254129298579343,1.00418
67,7,0.47092,1.1349632180944584,1.06327
67,8,0.62045,1.2148423454397346,1.4206
67,9,0.98714,1.3906315292580393,1.98843
67,10,0.99986,1.397091001370394,2.00529
67,11,1.0,1.4003315094313304,2.03017
67,12,1.0,1.4367559677756545,2.25933
68,0,0.5,1.0,0.0
68,1,0.50102,1.0000497665449775,0.00104
68,2,0.5026,1.0004217384004237,0.00708
68,3,0.50779,1.0018861710460158,0.03029
68,4,0.53464,1.0087924126124463,0.12755
68,5,0.62227,1.0339497022629967,0.45077
68,6,0.61711,1.0749712337461856,0.85936
68,7,0.37535,1.1088830782661545,1.01506
68,8,0.36398,1.1738064044567749,1.32066
68,9,0.90647,1.295805757154781,1.94332
68,10,0.99274,1.3137153370758905,2.0177
68,11,0.9991,1.3608805519874594,2.25347
68,12,1.0,1.5132818347528216,2.93006
69,0,0.5,1.0,0.0
69,1,0.49667,1.0000247083259814,0.00072
69,2,0.49741,1.0003998063958928,0.00404
69,3,0.47983,1.0084384195029443,0.0655
69,4,0.38174,1.084095251136992,0.62088
69,5,0.32967,1.1418214833009261,1.0353
69,6,0.28879,1.1730253050643118,1.32086
69,7,0.12807,1.2168207007388656,1.76858
69,8,0.03106,1.2465825757483073,2.04643
69,9,0.00595,1.328182214786496,2.65515
69,10,0.00121,1.3931192912937869,3.16764
69,11,0.00017,1.5348319076696413,3.72193
69,12,0.0,1.6384098259719004,4.00435
70,0,0.5,1.0,0.0
70,1,0.50706,1.0001054830205507,0.00185
70,2,0.51341,1.0013583332702016,0.01471
70,3,0.54802,1.0146294515479684,0.13514
70,4,0.75985,1.0808811072140552,0.69419
70,5,0.91488,1.1198057077007064,0.97599
70,6,0.95951,1.1288459656416376,1.00483
70,7,0.97808,1.135386219902381,1.01959
70,8,0.98951,1.1525437390284334,1.11633
70,9,0.99694,1.2446665296868527,1.69166
70,10,0.99986,1.3045319969006612,1.99896
70,11,1.0,1.3953094567661246,2.35693
70,12,1.0,1.5087891376572282,2.9313
71,0,0.5,1.0,0.0
71,1,0.50499,1.000080541740796,0.00187
71,2,0.50589,1.001118062337542,0.01167
71,3,0.48941,1.0270828670260588,0.18563
71,4,0.32928,1.1424100671524555,0.88834
71,5,0.17348,1.1666126898103761,1.00737
71,6,0.08957,1.1778340017071718,1.07339
71,7,0.02147,1.2742788668914085,1.57874
71,8,0.00031,1.429140912305242,1.9942
71,9,0.0,1.4553405160981538,2.0116
71,10,0.0,1.4761983158560024,2.11202
71,11,0.0,1.5807213387440553,2.68338
71,12,0.0,1.6460137881570203,2.99866
72,0,0.5,1.0,0.0
72,1,0.505,1.0000566940028823,0.00129
72,2,0.50484,1.0003022945297104,0.00436
72,3,0.50473,1.0027653847547615,0.03038
72,4,0.42266,1.0269623492935818,0.2606
72,5,0.27061,1.0907808636886196,0.83874
72,6,0.26219,1.1225750919840858,1.12049
72,7,0.21358,1.1573465825791374,1.49041
72,8,0.27384,1.2230903030764062,1.92594
72,9,0.70877,1.3196497307054074,2.16603
72,10,0.81976,1.350355540136955,2.26187
72,11,0.92647,1.4409207888603925,2.69073
72,12,0.99185,1.5056375893198835,2.99202
73,0,0.5,1.0,0.0
73,1,0.49852,1.0000735696340177,0.00175
73,2,0.50503,1.0004705824697429,0.00764
73,3,0.48425,1.0039457237556189,0.04767
73,4,0.366,1.02917868903984,0.30501
73,5,0.08749,1.0937879026491497,0.84992
73,6,0.00501,1.2116004204653066,1.42482
73,7,2e-05,1.3323713495603864,1.98669
73,8,0.0,1.3414705763278092,2.04436
73,9,0.0,1.3859022095989526,2.34936
73,10,0.0,1.4688777185080808,2.88713
73,11,0.0,1.4902856371496656,3.02052
73,12,0.0,1.5056254163508362,3.12773
74,0,0.5,1.0,0.0
74,1,0.51066,1.0001062505036267,0.00153
74,2,0.52829,1.0072924752817787,0.03464
74,3,0.95414,1.2452579424750865,0.9098
74,4,0.9998,1.273502707568946,1.00679
74,5,1.0,1.3014725380615624,1.10363
74,6,1.0,1.6410414355542362,1.98012
74,7,1.0,1.6547498897630506,2.00502
74,8,1.0,1.6566417317787314,2.01773
74,9,1.0,1.681422665636944,2.13065
74,10,1.0,1.9006755313126409,2.84995
74,11,1.0,1.956674937954648,3.01207
74,12,1.0,1.9663872781388656,3.06404
75,0,0.5,1.0,0.0
75,1,0.49704,1.0000254275530747,0.00074
75,2,0.49284,1.000142608080931,0.00318
75,3,0.48985,1.0009494807415402,0.01364
75,4,0.47434,1.0080411266315603,0.0881
75,5,0.35757,1.0626845204152853,0.52934
75,6,0.3892,1.1508567841079425,0.96939
75,7,0.66791,1.1835595391179523,1.01277
75,8,0.82228,1.1985701896641414,1.05596
75,9,0.75834,1.2155179495819135,1.22161
75,10,0.49507,1.246032677929693,1.57655
75,11,0.34907,1.281849361970405,1.89675
75,12,0.5194,1.3384120951652367,2.10103
76,0,0.5,1.0,0.0
76,1,0.49184,1.0000765440883275,0.00147
76,2,0.50164,1.00084912880873,0.00842
76,3,0.56013,1.0170441162717896,0.12967
76,4,0.88951,1.1122807648459885,0.79657
76,5,0.99076,1.1448311907058084,1.01526
76,6,0.9949,1.164154741826409,1.16876
76,7,0.99832,1.2500658728343632,1.76496
76,8,0.99984,1.322301843018223,2.21019
76,9,1.0,1.3660161273211582,2.60713
76,10,1.0,1.4507471662385032,3.08547
76,11,1.0,1.7374077994443877,3.98176
76,12,1.0,1.747749228994025,4.01545
77,0,0.5,1.0,0.0
77,1,0.50475,1.0001468735668946,0.00153
77,2,0.51764,1.0052175024505825,0.03242
77,3,0.79304,1.104792762733948,0.61337
77,4,0.98245,1.1707400078114674,0.99556
77,5,0.99175,1.1757219726140935,1.03647
77,6,0.99471,1.1962890817064493,1.21807
77,7,0.99863,1.2725001792528803,1.75743
77,8,0.99996,1.336568854134047,1.9896
77,9,1.0,1.3635272202437199,2.01052
77,10,1.0,1.3965148670466911,2.08935
77,11,1.0,1.6382279712057894,2.90036
77,12,1.0,1.8350631766366614,3.56001
78,0,0.5,1.0,0.0
78,1,0.49638,1.0000716775861125,0.00155
78,2,0.49282,1.000506696746227,0.0062
78,3,0.50543,1.029284473368417,0.15011
78,4,0.2832,1.22195551002767,0.96178
78,5,0.11018,1.242544917438201,1.00862
78,6,0.03506,1.2798700477464988,1.18231
78,7,0.00437,1.423210908314852,1.89494
78,8,0.00073,1.4470839130371913,2.00215
78,9,0.00015,1.4528163110848056,2.02191
78,10,0.0,1.4769483090858155,2.15481
78,11,0.0,1.5897742326662792,2.72106
78,12,0.0,1.6842767717321279,2.98626
79,0,0.5,1.0,0.0
79,1,0.50656,1.0000602919798705,0.00141
79,2,0.50908,1.0006338077655268,0.00866
79,3,0.50591,1.0066299021719876,0.06286
79,4,0.5403,1.066475113589176,0.51506
79,5,0.76455,1.1527912993699585,0.97708
79,6,0.91467,1.1812472094401523,1.01157
79,7,0.9611,1.1935351584739706,1.03015
79,8,0.8688,1.226291017600543,1.22861
79,9,0.73192,1.3450871871059578,1.8896
79,10,0.79994,1.4071541518999389,2.20835
79,11,0.5624,1.4732647201451656,2.68919
79,12,0.33209,1.5072571539975173,2.95239
80,0,0.5,1.0,0.0
80,1,0.49878,1.0000546378291644,0.00135
80,2,0.49351,1.0003579096835946,0.00557
80,3,0.4795,1.006330326160728,0.05047
80,4,0.20676,1.1022690314820516,0.62664
80,5,0.03013,1.1699037960049847,1.00634
80,6,0.03987,1.1963872235936803,1.19065
80,7,0.02569,1.2750863710999738,1.77316
80,8,0.00481,1.303726011550367,1.98784
80,9,0.00066,1.310956793917694,2.05001
80,10,8e-05,1.3365050678497794,2.27994
80,11,3e-05,1.4000761337536642,2.81018
80,12,0.0,1.4464872281689025,3.10703
81,0,0.5,1.0,0.0
81,1,0.50192,1.00007221436342,0.0019
81,2,0.49609,1.0004260915385215,0.00726
81,3,0.50868,1.004558961884932,0.04924
81,4,0.6278,1.0409322757515318,0.37548
81,5,0.86703,1.1031060443090361,0.89879
81,6,0.94038,1.1161736225412202,0.99686
81,7,0.95909,1.1186849226951958,1.01431
81,8,0.96408,1.139202558012071,1.14099
81,9,0.99525,1.3253439334069885,1.91674
81,10,0.99996,1.3557366250144938,2.02462
81,11,1.0,1.418152865325303,2.33922
81,12,1.0,1.5736028389783363,2.95788
82,0,0.5,1.0,0.0
82,1,0.48844,1.0000646641965523,0.0012
82,2,0.48604,1.000750592002327,0.00817
82,3,0.52431,1.0098574813539036,0.08586
82,4,0.71992,1.075551026959324,0.61638
82,5,0.82034,1.1248648438657627,0.98527
82,6,0.58521,1.3310182966705935,1.75083
82,7,0.22668,1.4227483195977242,2.0146
82,8,0.05531,1.4958672218976852,2.28388
82,9,0.00122,1.6553905539333529,2.95018
82,10,0.0,1.6698331059107847,3.01851
82,11,0.0,1.674621733992746,3.06106
82,12,0.0,1.7022553433659542,3.24761
83,0,0.5,1.0,0.0
83,1,0.50588,1.00005004754854,0.00155
83,2,0.51375,1.0004072276265605,0.00616
83,3,0.50592,1.0067938483099939,0.0587
83,4,0.28943,1.087596968306338,0.61941
83,5,0.02767,1.2285496956604114,1.57568
83,6,0.00085,1.2829118267538144,1.96534
83,7,1e-05,1.290786288069839,2.02215
83,8,0.0,1.328610812041686,2.26937
83,9,0.0,1.425015393054387,2.90698
83,10,0.0,1.4684620306562097,3.24067
83,11,0.0,1.5237381588624903,3.69454
83,12,0.0,1.560322414561594,3.94988
84,0,0.5,1.0,0.0
84,1,0.49609,1.0000442624124117,0.00096
84,2,0.49182,1.0002719337976476,0.00504
84,3,0.48889,1.0015225810309984,0.02077
84,4,0.51689,1.014028868562265,0.14282
84,5,0.72368,1.0787430947454806,0.67963
84,6,0.8872,1.1199168072091865,0.97938
84,7,0.91662,1.1264665082942658,1.02157
84,8,0.93148,1.138489735861408,1.13069
84,9,0.97028,1.2007024374840995,1.60638
84,10,0.99678,1.2780495801112963,2.00056
84,11,0.99991,1.3085267375466,2.10726
84,12,0.99999,1.358740575223022,2.46165
85,0,0.5,1.0,0.0
85,1,0.49318,1.000056585044389,0.00146
85,2,0.49726,1.0002647435366299,0.00483
85,3,0.49305,1.0021502087570264,0.02744
85,4,0.49759,1.0181896228106295,0.18732
85,5,0.38635,1.086915278066022,0.74531
85,6,0.21611,1.131272888455124,0.99082
85,7,0.10066,1.198474274385586,1.02193
85,8,0.00573,1.4155164776070062,1.49
85,9,0.0,1.5693290281788934,1.997
85,10,0.0,1.5747439873464153,2.02609
85,11,0.0,1.604140116273398,2.21065
85,12,0.0,1.6962430137635514,2.7654
86,0,0.5,1.0,0.0
86,1,0.50428,1.000077068109497,0.00163
86,2,0.50179,1.00176674764654,0.01631
86,3,0.54363,1.0429416253720984,0.28949
86,4,0.75837,1.1629244293760013,1.10242
86,5,0.885,1.198328305254109,1.48636
86,6,0.96619,1.2312076131752112,1.83353
86,7,0.99526,1.2810649369932807,2.02092
86,8,0.99988,1.3374265919721913,2.21583
86,9,1.0,1.3796632561812776,2.63043
86,10,1.0,1.4639168350023815,3.51575
86,11,1.0,1.5239812381511026,3.99045
86,12,1.0,1.6554255535852074,4.60438
87,0,0.5,1.0,0.0
87,1,0.49936,1.0000660019684207,0.00134
87,2,0.49519,1.000483559406271,0.00661
87,3,0.47766,1.0057808000400386,0.0546
87,4,0.32357,1.0662213081884224,0.49949
87,5,0.26619,1.168246904502271,1.08327
87,6,0.13977,1.294599908245629,1.77782
87,7,0.01479,1.3345952122027374,2.03621
87,8,0.00045,1.592651138098334,2.76686
87,9,0.0,1.760198615073978,3.00133
87,10,0.0,1.7627736534277538,3.00467
87,11,0.0,1.7648385068549328,3.01998
87,12,0.0,1.7821258366977868,3.12288
88,0,0.5,1.0,0.0
88,1,0.49744,1.0000995080986563,0.00174
88,2,0.48809,1.00235415141333,0.0175
88,3,0.31448,1.0658370401485617,0.39998
88,4,0.03403,1.1631565550328544,0.98237
88,5,0.0182,1.1696295958523033,1.03377
88,6,0.01248,1.1799690113115853,1.14309
88,7,0.00377,1.287701404866876,1.6779
88,8,0.0001,1.393952710060936,1.99507
88,9,0.0,1.4042528500518323,2.01462
88,10,0.0,1.4111588072339512,2.07085
88,11,0.0,1.4357881162484876,2.29441
88,12,0.0,1.498623859718535,2.75237
89,0,0.5,1.0,0.0
89,1,0.49543,1.000054633739952,0.00106
89,2,0.49239,1.0002762492729926,0.00488
89,3,0.49951,1.0028026706166462,0.02923
89,4,0.65989,1.05374857914829,0.3602
89,5,0.97203,1.161121879539047,0.9592
89,6,0.99859,1.1719684844625389,1.00534
89,7,0.99981,1.1797280562113106,1.05873
89,8,1.0,1.2388116033646908,1.4826
89,9,1.0,1.3048674331472674,1.94394
89,10,1.0,1.314501405623735,2.00718
89,11,1.0,1.3199525677018238,2.04344
89,12,1.0,1.42164602434744,2.46048
90,0,0.5,1.0,0.0
90,1,0.50061,1.0000297160222815,0.00081
90,2,0.50724,1.000138861957547,0.00243
90,3,0.50792,1.0011178818030975,0.01439
90,4,0.50093,1.0147913794791064,0.12921
90,5,0.41581,1.0926190953343304,0.72727
90,6,0.30897,1.1306718459810912,0.98763
90,7,0.21672,1.1425861359949372,1.04002
90,8,0.09986,1.2032917427531211,1.38089
90,9,0.0097,1.280626378329525,1.85828
90,10,0.00125,1.2944538772713565,1.96174
90,11,0.00026,1.3006632428381217,2.00507
90,12,0.0,1.6492403868293066,2.84916
91,0,0.5,1.0,0.0
91,1,0.49782,1.0000997497098476,0.00193
91,2,0.49958,1.0010575015459953,0.01192
91,3,0.51677,1.0151720753949214,0.12547
91,4,0.66552,1.1047772253233243,0.7608
91,5,0.83705,1.1636999302508866,1.1299
91,6,0.96499,1.2539740827025392,1.74972
91,7,0.99646,1.291867136538489,1.98857
91,8,0.99961,1.323487020854335,2.02384
91,9,0.99997,1.382191545365817,2.07957
91,10,1.0,1.4204736560262265,2.2572
91,11,1.0,1.4661264917919976,2.65003
91,12,1.0,1.5171511145440408,3.00908
92,0,0.5,1.0,0.0
92,1,0.50713,1.000025261427831,0.00102
92,2,0.50032,1.0002431350440593,0.00408
92,3,0.50848,1.0041236545568297,0.03721
92,4,0.59822,1.0548570580780954,0.41145
92,5,0.84406,1.1348208154572383,0.94831
92,6,0.93813,1.1466205886046466,1.00384
92,7,0.9721,1.1502817665000398,1.02412
92,8,0.95839,1.16667775416584,1.158
92,9,0.82229,1.2390903942965508,1.70074
92,10,0.73622,1.2847814243039024,2.00423
92,11,0.72565,1.3212738880817168,2.19609
92,12,0.87624,1.5399864198463036,2.92949
93,0,0.5,1.0,0.0
93,1,0.49768,1.0002880067653055,0.00198
93,2,0.40444,1.0387944904241553,0.17364
93,3,0.01386,1.2202073761858296,0.97781
93,4,2e-05,1.2289409084829455,1.02061
93,5,0.0,1.3108775984721655,1.40263
93,6,0.0,1.4374409918111128,1.97939
93,7,0.0,1.4443168578939825,2.01486
93,8,0.0,1.4556741073933683,2.09902
93,9,0.0,1.5145503443254456,2.5077
93,10,0.0,1.579573383458227,2.92946
93,11,0.0,1.5967573644421122,3.03281
93,12,0.0,1.620380449048674,3.15563
94,0,0.5,1.0,0.0
94,1,0.50098,1.0000273198967538,0.00087
94,2,0.50163,1.0003332528925304,0.00505
94,3,0.49961,1.003971658290383,0.03796
94,4,0.52479,1.049131160559638,0.3836
94,5,0.7608,1.1386332406172663,0.94337
94,6,0.91116,1.1590587333847249,1.01049
94,7,0.97094,1.165636134481633,1.03694
94,8,0.99091,1.1750351003525743,1.13521
94,9,0.99754,1.2048799183321277,1.44792
94,10,0.99974,1.2822428201045835,1.89049
94,11,0.99995,1.365530858841979,2.06619
94,12,0.99999,1.3902374785604226,2.14637
95,0,0.5,1.0,0.0
95,1,0.49826,1.0000465232968248,0.00121
95,2,0.50214,1.0005205031383415,0.0066
95,3,0.56369,1.0330323278739446,0.15392
95,4,0.98531,1.254695502043293,0.98324
95,5,0.99971,1.2628352459577048,1.01108
95,6,1.0,1.2706878719814592,1.07334
95,7,1.0,1.3274544912611126,1.48283
95,8,1.0,1.3934533256854156,1.93291
95,9,1.0,1.4049405288750507,2.00381
95,10,1.0,1.408271990364191,2.02584
95,11,1.0,1.4224689225982208,2.13728
95,12,1.0,1.4767848262758554,2.54822
96,0,0.5,1.0,0.0
96,1,0.49621,1.0000694281005105,0.00104
96,2,0.49485,1.002022606024279,0.01434
96,3,0.34304,1.0521303406381088,0.32496
96,4,0.02437,1.1548590190057169,0.95813
96,5,0.00071,1.1749405437375793,1.06559
96,6,0.0,1.338524904781764,1.81662
96,7,0.0,1.3797549994852134,1.99914
96,8,0.0,1.381931766653074,2.01131
96,9,0.0,1.4013614054302412,2.1314
96,10,0.0,1.5384129191724278,2.7587
96,11,0.0,1.6890355786126192,3.00303
96,12,0.0,1.726735609318404,3.04706
97,0,0.5,1.0,0.0
97,1,0.49801,1.0000531830162769,0.00115
97,2,0.5043,1.0006596547672884,0.00846
97,3,0.54616,1.0125692538907,0.09632
97,4,0.86465,1.1130050059797112,0.75007
97,5,0.99137,1.153936378968093,0.99274
97,6,0.99705,1.1573939350857767,1.01372
97,7,0.99596,1.169013898214419,1.11137
97,8,0.99762,1.229085242901103,1.58806
97,9,0.99961,1.3110274294137885,2.09575
97,10,1.0,1.4889331021645202,2.8968
97,11,1.0,1.5120356975927403,3.00336
97,12,1.0,1.5146174536034878,3.02378
98,0,0.5,1.0,0.0
98,1,0.50622,1.000050698677314,0.00081
98,2,0.52027,1.0037003473674027,0.01989
98,3,0.85713,1.1580192534101388,0.71304
98,4,0.99873,1.2250041988322116,1.0039
98,5,0.99999,1.233154574823748,1.05785
98,6,1.0,1.3480413444921835,1.60119
98,7,1.0,1.4776386582442307,1.99552
98,8,1.0,1.5010556578623226,2.05086
98,9,1.0,1.6617211065795272,2.68297
98,10,1.0,1.7484219415223508,3.02827
98,11,1.0,1.836668078676411,3.43249
98,12,1.0,1.9486486028065078,3.94884
99,0,0.5,1.0,0.0
99,1,0.49831,1.0000416874792943,0.00129
99,2,0.50863,1.0041827323441674,0.0209
99,3,0.88877,1.187041091104229,0.78105
99,4,0.99921,1.242348684412145,1.0134
99,5,1.0,1.3152854035986419,1.33685
99,6,1.0,1.4934204090506773,1.98123
99,7,1.0,1.534603692139922,2.10851
99,8,1.0,1.74649846030872,2.88541
99,9,1.0,1.78012354454127,3.01163
99,10,1.0,1.7920197118755568,3.07411
99,11,1.0,1.8707074392556673,3.47081
99,12,1.0,1.9664387947096924,3.93053
