,0,1,2,3,4,5,6,7,8,9
0,0.34496695,-0.09678134,-0.23794085,0.32176888,-0.00527595,0.06750004,-0.2935565,-0.08807856,-0.3766309,0.005476039
1,-0.2870293,0.048413455,0.081112266,-0.09141821,-0.27140123,0.034841225,-0.082214355,-0.03695926,-0.25361317,-0.10025647
2,0.31224424,-0.1587326,0.06912136,-0.12503427,-0.040541645,0.1626421,0.26465684,-0.008734286,-0.24824548,-0.13536856
3,0.28526878,0.041413948,0.17465252,-0.006462507,-0.25070706,0.071769655,0.2122783,0.17487627,0.0793708,-0.33269072
4,-0.29255715,0.27176026,0.10948151,0.08402318,0.22256094,0.1453684,0.15544638,-0.011606544,-0.14315233,0.13971156
5,-0.15008307,0.16519499,0.107936084,0.09619576,0.13226554,-0.25006735,-0.1381989,-0.08344522,-0.3580696,-0.18226159
6,0.033237964,0.06471118,-0.24806881,0.21060947,0.06111052,-0.099546015,-0.022832155,-0.030698836,-0.1821084,0.0072488524
7,0.03160113,-0.2305974,-0.10126665,0.06465855,-0.10628426,-0.23484725,-0.16234508,0.21216875,0.24898511,-0.26027906
8,-0.28429082,-0.006377697,0.00094357133,0.15039518,-0.07116763,-0.32702887,0.14836109,-0.052100614,-0.07976739,0.027015008
9,-0.072619766,0.20803961,0.10217026,-0.1295641,0.3152541,0.06998545,0.18345505,0.0060989857,-0.00740999,0.01000306
10,0.039032817,-0.13803983,-0.067431316,0.056854963,-0.26734853,0.05034402,0.36310017,-0.030614346,-0.044051528,0.28993157
11,-0.2173028,-0.23678467,0.04834177,0.21837503,-0.08236063,-0.07659286,-0.1600484,0.3321355,-0.11759156,-0.044914246
12,-0.26882684,-0.1672746,0.23779619,-0.27052277,-0.067490615,0.1961346,-0.099058926,-0.15497686,0.16473591,-0.1236763
13,-0.25523597,0.025838405,0.034370124,-0.26666403,-0.19125746,-0.21253574,-0.2835712,0.11682242,0.2462573,0.14816988
14,-0.25403666,0.13337786,0.030784428,-0.0617702,0.1972112,-0.033468187,-0.12511873,0.051710784,-0.21193135,0.24676043
15,0.29367757,0.25551298,-0.08714253,-0.2804222,0.058378845,-0.007720202,0.032983527,0.019151151,0.0076764375,0.17934102
16,-0.08418059,-0.058757886,-0.14030772,-0.050763458,0.007248193,-0.08034843,-0.038416564,0.0443767,-0.14264381,-0.041530192
17,0.17038418,-0.02032986,-0.1957472,-0.0991835,0.24879962,0.2406621,-0.033832446,0.024663173,0.12811601,-0.23577017
18,-0.13150322,-0.27383143,0.13427016,0.26465878,0.06100315,0.12580913,0.050252974,0.10476613,0.008284003,0.082813166
19,-0.2273592,-0.023502707,0.20783907,-0.252285,0.29642648,-0.08869073,-0.23776051,-0.031807154,-0.24059135,-0.15132141
20,-0.11011258,-0.16251992,-0.09996012,-0.014886133,0.2260778,0.12533227,-0.16792542,0.22463691,0.121925,-0.09538424
21,-0.047232807,-0.06543677,0.003970206,0.16415137,0.0411914,-0.025390059,-0.003935218,0.10158968,-0.050171286,0.11939432
22,0.28319615,0.08789758,-0.100505576,0.2009548,-0.040353805,0.13276882,0.2872792,0.31821954,0.21896434,0.15865001
23,0.021238685,-0.042155117,0.041513376,0.29721212,-0.058936022,0.12581885,-0.030473918,0.16526955,0.04583539,0.25063467
24,0.05884126,-0.020876043,0.09368057,-0.10238686,-0.19287378,-0.15645006,-0.021359295,0.34260786,0.0050607957,-0.015579935
25,-0.053914458,-0.11624497,0.05534184,-0.1428717,0.28083545,0.026791185,-0.10643547,0.17351004,0.012745351,-0.3184342
26,0.30829507,-0.049332708,-0.16079289,0.13691956,0.057649195,0.22925946,-0.13967258,-0.051252514,-0.17458338,0.07969016
27,0.07559204,-0.05066374,-0.14915866,0.24744552,-0.091071576,-0.04090908,0.12171841,-0.043504536,-0.074889615,0.27416062
28,0.18090022,-0.11393331,-0.17675057,-0.2363919,-0.29390585,0.003096372,0.3570314,-0.05389622,0.32012123,-0.039987236
29,0.19209723,0.3240146,-0.04877138,0.019147947,0.014655054,0.09228459,0.08701542,0.15094797,0.22539061,-0.04879567
30,-0.07447967,-0.019640326,0.007348925,-0.08039814,-0.19420141,-0.003476739,-0.07221808,-0.033510357,0.2904009,-0.08480245
31,-0.15472257,0.12145358,0.08529806,-0.02265291,-0.13647366,-0.16207004,0.25372928,-0.028522134,-0.09731579,-0.14780438
32,-0.019700855,-0.1500107,0.21832722,0.15818807,-0.123669386,0.34970832,-0.09289524,0.27330387,-0.08139467,0.3278585
33,-0.20673865,0.11920655,0.29909927,-0.23661023,-0.034593523,0.16787922,-0.059210137,-0.075347185,0.31689224,0.027915522
34,0.0766657,0.005585134,-0.31649613,0.117872044,0.29158902,0.18204844,0.14231277,0.19010669,-0.034593157,-0.23776859
35,-0.06787841,0.06649557,0.06377986,-0.14239451,0.05389271,-0.26636136,-0.07142219,0.09485048,-0.22967541,0.20893937
36,-0.3151874,-0.04585585,-0.050968856,-0.2100727,0.06291612,0.34743613,0.23613393,0.32335305,-0.033472538,-0.18375364
37,0.11729309,-0.13485208,0.21835893,0.046773702,-0.09148508,0.16412956,0.025884956,-0.06948457,-0.099419355,0.28100258
38,0.21026355,-0.2313607,-0.33338028,0.23443191,-0.084229335,-0.11553222,-0.1439389,-0.24083018,-0.045688838,0.13372156
39,0.089095935,0.12137949,0.2852611,0.029910624,0.17057097,-0.124641694,0.16627026,0.13783851,0.06954712,-0.18743932
40,-0.0030160435,0.042237043,-0.09992075,0.1894347,-0.10738212,0.02279073,0.29676956,-0.17246068,-0.15990311,-0.2097187
41,0.22756082,-0.27473378,0.1280269,-0.08070919,0.04655017,-0.1481604,0.28589612,0.24920195,-0.25141394,-0.085285276
42,0.3086576,0.20389861,-0.07181013,0.17776012,-0.16595665,0.05707085,-0.0028747953,0.020805717,-0.02210641,0.09048203
43,0.32257277,-0.003622353,0.05079958,-0.09995949,0.061366595,0.23177963,-0.091700494,-0.35201573,-0.098893434,0.23805082
44,0.038476318,0.0073743463,0.24559796,-0.10161877,0.13441202,-0.1899721,0.003380414,0.053419113,-0.16922763,0.08142855
45,0.32257068,-0.07155873,-0.16546094,-0.36174208,0.073367625,-0.20807719,0.13109204,0.038476665,-0.22533143,0.018822163
46,-0.25095838,0.27675188,-0.029049575,0.33792013,0.10997061,0.24799454,0.3425184,-0.06807679,-0.105321705,-0.027509063
47,-0.18473089,-0.09174055,-0.15677553,0.07755406,0.24487287,-0.030253712,0.18419823,0.28368568,-0.200706,-0.086607814
48,0.13831794,-0.013500154,-0.16553485,-0.32081926,0.29264352,0.06496742,0.09773341,0.30364552,-0.12835711,-0.17065841
49,-0.09053278,0.1518535,0.27270824,0.14124668,0.17448848,0.26232237,-0.03175351,-0.15888855,0.1960429,-0.2297597
50,-0.29241318,0.103089936,-0.31231648,0.040903002,0.10757911,-0.0053825974,-0.30923277,0.2880957,-0.27185702,0.38696814
51,-0.024944663,0.27983415,0.0029367544,0.22264218,-0.20277965,0.12370646,-0.18333884,-0.08286294,-0.039439887,0.10229394
52,0.053306013,-0.081170514,0.040712714,0.10488969,-0.035383523,-0.23075068,0.0739107,0.0563861,-0.01415962,-0.15875882
53,0.38313693,0.09215087,-0.22591275,0.03249245,0.04835698,0.09006888,0.3848254,0.16725898,0.038995862,-0.06798629
54,0.026380688,-0.07188961,-0.1322149,0.0798935,-0.21264601,-0.19056857,-0.019929469,-0.039978787,-0.21933725,0.06382793
55,-0.024413764,0.21798299,0.0019440651,0.22954002,0.2645471,0.18342827,0.26182646,-0.14422405,0.24629235,0.18452263
56,0.19791862,0.0034934282,0.12311596,0.12918663,-0.1420166,-0.24152786,0.042629123,-0.12285781,0.1649403,0.06081587
57,-0.081259966,0.30014205,0.065977246,0.15278798,0.21104774,0.084804,-0.09920004,0.12124926,-0.25349638,0.20060141
58,0.14578536,-0.15299729,-0.12494436,0.24295215,-0.23499364,-0.0635822,0.30189198,0.067469984,0.030843586,0.27609092
59,0.035798497,-0.19657129,0.1597355,-0.06172657,0.113059044,0.20961815,0.20118093,0.044855,0.030969933,0.018523917
60,-0.023575842,0.14911854,-0.0288723,-0.069956265,0.0333125,0.124900974,0.04670938,0.06366229,0.08598009,-0.023315102
61,-0.20302457,0.0072002113,0.20536405,-0.08666423,0.004209399,0.24759558,0.3217529,-0.07338942,0.13481581,0.017405212
62,0.086442426,0.0032084882,-0.21099216,-0.29476577,-0.3039961,0.03813964,0.042547822,0.1503683,0.20659515,-0.23153543
63,0.031107932,-0.13321301,0.02821821,0.22769982,0.2250287,-0.02441209,-0.23931366,-0.048431754,-0.15193546,-0.024499923
64,0.15281293,-0.060434595,-0.16022933,0.15046477,-0.031494185,0.17538098,-0.21483415,0.013800889,-0.22941667,-0.28327012
65,0.1363602,0.0941405,0.12523729,0.11513552,0.18214616,-0.25573778,-0.41778076,-0.061752632,-0.14840403,0.23665968
66,-0.012078501,0.109157234,-0.07137847,0.2101183,-0.036902487,-0.22910812,-0.094914556,0.055024743,-0.011697859,0.2806831
67,0.1672607,-0.056407034,-0.24972624,-0.048812747,0.33631986,0.07218652,0.177096,-0.16862062,-0.3584503,0.2368139
68,0.045612365,0.12962681,-0.22938105,-0.06331609,0.0702523,0.01919206,0.068097234,-0.14978522,0.096137464,-0.0056725014
69,0.004282914,0.0016795881,-0.18871802,0.1835891,0.13300806,-0.12722945,0.11112794,-0.058733076,-0.008122057,-0.15420237
70,0.042339727,0.1397747,-0.12028393,0.27271488,0.059337616,-0.07501507,0.22084612,0.29018325,0.16465229,0.13581291
71,0.042166352,-0.19262964,0.078894734,0.27897608,0.17423588,-0.0994848,0.0014949888,0.07237676,-0.0032238364,-0.1421752
72,0.07397498,-0.022117794,0.055997506,-0.1733576,0.037596762,-0.30477178,-0.18053094,0.13595337,0.11448854,0.30571848
73,-0.12335211,-0.13387199,-0.019324958,-0.21823907,0.25295705,0.01851061,0.18435737,-0.21367717,-0.13541585,0.127594
74,-0.24813262,-0.025768876,0.14317435,0.27928972,0.23906171,0.20781493,0.03134428,-0.09270898,0.3109675,0.07629505
75,0.112470984,-0.2030794,-0.033701092,-0.105855346,-0.068774685,0.16308537,-0.26906288,0.21340191,-0.07794471,0.20831382
76,-0.071640104,0.2359662,0.0105032325,-0.054944694,0.029856041,0.0777929,-0.17697674,-0.2022726,0.31722194,0.074148454
77,-0.024336472,-0.298446,-0.08685382,-0.12846422,-0.37107944,0.2258451,0.16200742,-0.002225086,0.08806312,0.089820266
78,0.026906908,-0.34069425,-0.22752333,-0.20905823,0.23264825,-0.081802204,-0.21092528,-0.3590175,0.23945129,0.05200368
79,-0.21247375,-0.28034776,0.07573998,0.07397029,0.14321783,0.17736644,0.37860698,0.23498785,-0.21688569,0.35463363
80,0.052238107,0.3100139,-0.19360292,0.08056651,-0.024491355,0.29360658,0.27215886,-0.2386806,-0.047177076,-0.24889553
81,0.20798028,-0.07401341,0.014945447,-0.19353116,0.048226535,0.22866237,0.2636506,-0.021936744,0.093241155,-0.241386
82,-0.0664801,-0.118483305,-0.08916286,-0.054657444,0.062556505,0.00021748245,-0.17814744,0.06877601,0.03919971,-0.092164636
83,0.16380799,-0.09830981,0.1238479,-0.045968667,0.0900172,-0.20362878,0.0080821365,-0.031645723,0.032792717,-0.05799496
84,-0.109837085,-0.20911765,-0.1780921,0.032980144,0.2838061,-0.12092608,0.26139694,-0.03274849,0.13486126,0.17951468
85,-0.18464145,-0.3073321,-0.06405592,0.25666207,0.18910646,-0.18971598,-0.09649566,-0.117972255,0.0946129,0.24267644
86,0.27028698,-0.09379133,0.013082951,-0.13252479,-0.2713639,0.3733251,0.1626308,-0.012206037,0.004288703,0.18497175
87,0.095502526,0.14768937,-0.019765139,-0.09460072,-0.17184313,-0.17671269,-0.23620489,0.40761992,0.18658498,-0.104605585
88,-0.09318575,-0.1696423,0.09347671,0.21081138,0.020531893,0.007312298,0.044967353,0.12874022,0.15908968,0.19554096
89,0.14955455,0.13168234,-0.27526876,0.3576696,0.040615126,0.08124918,0.050490614,0.006169215,0.19940048,-0.256123
90,-0.17302293,-0.07400239,0.11144847,-0.0961708,0.020055711,0.16407335,-0.1093317,0.22485119,0.06922391,-0.20753509
91,0.0384337,0.09073624,0.050738156,0.19642584,-0.031603873,-0.13159531,0.22493237,-0.21050924,-0.25146967,-0.29094696
92,0.27855998,-0.06750551,-0.09613815,0.1524136,-0.031166494,0.24254858,0.31991202,0.23435405,-0.0077108108,-0.10521448
93,0.04341711,0.24305767,0.2107163,-0.025519252,0.26182055,0.22908825,-0.3471679,0.0665347,0.07870078,0.028289497
94,-0.14768322,0.20700312,0.07639167,-0.10091705,-0.09983902,-0.09003919,0.1435687,0.15250391,0.097065255,-0.0055953264
95,-0.0842555,-0.057917148,-0.0065172315,0.2892347,-0.30177432,-0.12749332,-0.2612716,-0.20743139,-0.01564768,0.14761633
96,-0.33332616,-0.027879655,0.029945314,-0.018485129,0.12378761,0.17615944,0.038842678,-0.27471745,0.21137738,-0.064003915
97,-0.033825845,0.23227638,0.07655853,0.09996784,-0.042139404,0.15618032,-0.11760536,0.25392148,0.26904196,-0.012431145
98,0.0550952,0.011146158,0.06866491,0.09691882,0.21100906,-0.10867084,-0.043317556,-0.13371813,-0.22851509,-0.10222602
99,-0.20410067,-0.110518426,0.012642246,0.14316446,-0.044688195,-0.09826195,-0.29151833,0.08662033,0.15753265,0.05620168
100,0.082728915,0.010494351,-0.09171286,0.09883241,-0.12814146,0.079074115,0.09240545,0.0027535409,0.18914953,-0.027827576
101,0.101220705,-0.018181473,0.22978097,-0.2978443,-0.024404764,0.21183175,-0.02894473,-0.06645301,0.08551282,-0.04811868
102,-0.17348772,0.18845284,0.0325841,0.16179818,-0.28332692,0.13625684,-0.31035888,-0.16885817,-0.19193459,-0.30175328
103,-0.13429096,0.12475082,0.3233545,-0.1816839,0.09269866,0.12135264,0.11320552,0.042005897,-0.017357945,0.23470461
104,-0.0073149055,0.23028553,-0.20219481,-0.14785753,-0.1713933,0.2430023,0.13825953,-0.06388819,0.15126437,-0.12649411
105,0.12584046,0.09586449,0.15440822,-0.0832091,0.113233685,-0.09467128,0.35609144,0.101454675,0.1495452,-0.19469091
106,0.21573135,0.05182293,0.22315353,-0.1335265,0.18469489,0.045696944,-0.15141204,-0.124807775,0.08838394,0.2148628
107,0.016331516,-0.047308713,0.04924334,0.39623064,0.14825165,0.2834772,0.20010239,0.06709531,-0.12115234,-0.040966213
108,0.31428522,0.02427227,-0.08973168,-0.07221101,-0.014228284,0.21267343,0.15714598,-0.1428259,0.09316683,-0.22040308
109,-0.03145516,-0.026174173,0.20415697,0.045188606,0.16234648,-0.0143197775,-0.22138113,-0.22939497,-0.03394918,-0.035948396
110,0.21706551,-0.064377755,-0.18518114,-0.043006495,-0.2898612,-0.32085592,0.006815791,-0.32775736,-0.10596364,-0.084062725
111,0.18144044,0.020022003,0.09854072,-0.15403798,-0.04767248,-0.08440046,-0.08505744,-0.15968114,0.09477514,-0.20944738
112,0.32598877,0.16079527,0.19288844,-0.1520493,-0.281101,-0.12941903,0.109924465,0.02535626,0.05687806,-0.120105445
113,0.04653606,-0.20637971,0.023577511,0.16614199,-0.10451399,0.009136617,0.06486692,0.119119465,0.024217218,0.13603368
114,-0.07645291,-0.37138724,-0.3109575,0.20694655,-0.0076771677,0.20595104,-0.07439935,0.17180556,-0.097093135,-0.06756067
115,-0.038703937,-0.23121451,0.07422383,0.0877161,0.2820475,-0.13189098,0.076784134,0.028099239,0.1724149,-0.1382978
116,-0.082429454,0.15923098,-0.062125683,0.084968,0.09538728,0.040645838,-0.13646537,0.1982851,0.3632114,-0.08902867
117,0.08852798,-0.04454364,0.004545152,0.14781904,0.106615126,0.0038894713,-0.053549152,-0.02688536,-0.112959445,-0.112046495
118,0.16794497,0.08401245,0.26292598,-0.041532278,-0.2110177,0.19408673,0.12818299,0.010412991,0.18409711,-0.025716782
119,0.069633916,-0.3058071,-0.17249912,-0.013245016,0.08392966,-0.13465399,-0.030745625,0.10131045,0.28075558,0.08337573
120,0.20134199,0.216744,-0.2123721,-0.1546669,0.074386954,0.0011756094,-0.07210089,-0.13461196,-0.2424205,-0.19883305
121,0.013144255,-0.1656451,-0.0062856674,-0.06441608,-0.08806792,-0.07011539,-0.13166872,0.15532511,0.007821858,0.29601413
122,0.09142546,0.047785014,0.28061855,-0.007725954,-0.08518669,-0.048392177,-0.11090754,-0.05978,0.031971082,0.21502489
123,0.119260415,0.15692744,-0.19651341,0.20941556,0.25175995,-0.1639412,0.16212499,0.27186733,0.1657638,0.07652789
124,-0.08033466,0.17813885,0.20733988,-0.116714746,-0.31306994,-0.087257296,0.17567718,-0.14428964,0.19734532,-0.035377085
125,0.028973557,-0.11726451,-0.086078614,0.25654313,-0.35016942,-0.013725832,-0.2414163,-0.048663907,0.2142365,0.016369894
126,0.13841361,-0.32935256,0.024089903,0.2886644,0.19485474,0.17463386,-0.3154291,-0.071213245,0.028680801,0.23370498
127,-0.11467385,-0.17024744,-0.001242198,-0.10993606,0.06736971,-0.13836426,0.029325739,-0.21222562,-0.00688082,0.060819775
128,0.06504679,0.21326637,-0.016349822,0.03046301,-0.037672013,-0.15228784,0.2766462,0.07365152,0.04965713,0.31398422
129,0.27193284,0.09833604,0.08728391,-0.317343,-0.031917214,-0.017561972,0.123841226,0.2353507,0.077806056,-0.2859379
130,0.3750459,0.26239616,0.14003766,-0.1015417,0.2780953,-0.26481175,0.3371234,-0.17818516,0.09172019,0.04814469
131,0.31656128,-0.33011854,-0.13381195,0.2885899,-0.17957735,0.034156978,-0.15652387,0.03502962,0.14663759,-0.047769308
132,-0.02655664,0.11099378,-0.07835962,0.07398862,0.062092483,-0.29085094,0.03738585,-0.062375456,-0.020588994,0.30253598
133,-0.046520174,0.20827264,-0.13796973,0.17998672,-0.17666751,0.15858483,0.328489,0.08272141,0.23085254,-0.13330425
134,0.12207603,0.33879405,-0.03985396,-0.12856275,-0.1387349,-0.23551399,-0.041988164,-0.16345507,-0.07675934,0.33306196
135,-0.23892832,0.061239272,0.10093406,-0.2710954,-0.06076914,0.051730797,0.13415396,0.11912233,0.14088929,0.029448628
136,-0.04170823,0.19266874,0.063555256,-0.06320302,0.11753136,-0.08258295,-0.02734965,0.24396908,-0.21358883,0.06972046
137,0.043245405,0.19381323,0.30037785,-0.3371892,-0.23641884,0.028921634,-0.2321715,-0.27551037,-0.03180836,-0.24797446
138,-0.12029779,-0.17596689,-0.081608355,0.07222336,0.13779426,0.20549035,0.09301543,0.27993417,0.036523238,-0.13511899
139,-0.19998825,0.20951861,-0.3067816,0.16873068,-0.06533067,-0.12116295,-0.021325856,-0.057060152,-0.21784282,0.09868005
140,0.021781132,0.13329032,-0.17620814,0.22414547,0.097369224,-0.05969596,0.22024941,-0.1154169,0.030287579,0.025631428
141,-0.11965996,-0.06707382,0.027449906,-0.056037333,0.09398943,-0.2040633,-0.058694556,0.1732781,-0.11575657,0.03748834
142,0.07246888,-0.20307964,-0.09320782,-0.24382329,-0.005746305,0.38168955,0.16084707,-0.044141203,-0.16954955,-0.18255866
143,0.27447522,-0.14297736,-0.26385975,-0.28368294,-0.15470535,0.0941429,0.008460343,0.049661696,0.009189218,0.24082762
144,0.22491814,-0.006122276,-0.04661584,0.061065458,0.016868025,-0.13677764,-0.010182962,-0.0335387,0.066612124,-0.08203101
145,-0.3055429,0.1702522,0.2683823,0.08872056,0.19681013,0.27076668,-0.10278791,-0.10668346,-0.100204945,-0.109793365
146,0.1916948,-0.1024563,0.028067112,0.03635581,0.015426129,0.079800546,-0.12090528,0.12434912,0.06848023,0.028455317
147,0.117627084,-0.06012404,0.19794554,-0.057238787,-0.07078516,0.09544802,-0.089015156,0.37342894,0.10913283,0.0035374435
148,0.16902861,-0.059140176,0.07706791,-0.1456277,0.0012522638,0.2510026,0.008975446,-0.0109087825,0.21248704,-0.2687617
149,0.18538359,-0.2968359,-0.08297467,-0.2087453,0.13987386,0.1619606,0.08774413,0.28217697,0.0815559,0.032775745
150,0.32436627,0.021848641,0.27891672,0.08942157,0.055274248,0.2084516,0.07468936,0.27094752,-0.032301426,0.04029575
151,0.095332295,-0.089357525,0.3198378,0.2637893,0.25009364,-0.24380797,0.33947045,-0.2251451,-0.22861835,0.102678925
152,0.28369355,-0.3173676,-0.043533295,-0.09280884,0.040546477,-0.118155956,0.007919773,-0.21168497,-0.10692012,-0.1096944
153,-0.25924104,-0.051126234,-0.25279284,0.29640108,0.13369876,0.17685755,0.22556758,0.07382706,0.24530283,0.11645601
154,-0.0045257956,-0.024125248,0.037957385,-0.17163429,0.26259685,-0.25630742,-0.24330544,0.26689416,0.1432702,0.28045216
155,0.011272758,-0.02535019,-0.23306054,-0.079234116,-0.19677049,-0.148144,-0.20939064,-0.097669244,0.036226787,-0.18735683
156,-0.26124713,-0.3346039,0.06327745,-0.06796813,0.05026394,0.06903173,-0.085348114,0.1387183,-0.23812866,0.089524865
157,0.14716202,-0.07457867,-0.1311459,-0.06388043,-0.025488637,-0.18980479,0.01687628,0.07946366,0.17744797,-0.3340367
158,-0.16441414,-0.07955322,-0.28452557,0.19411126,-0.008205682,-0.13088956,-0.08001804,-0.21780747,-0.16099295,-0.064113945
159,-0.016209107,0.08227275,-0.099390715,-0.0052863546,-0.23428753,3.6388636e-05,0.112312675,0.27793258,0.30285162,0.17529327
160,0.0008724034,0.13826057,-0.17616373,-0.26207203,-0.10520569,0.12639418,-0.0717305,0.18745977,-0.25905967,0.3341939
161,0.26440448,0.11109638,0.09599273,-0.2026633,0.18941748,0.2111912,0.0943197,0.015204638,0.07492796,0.13989872
162,0.27158982,0.21977079,-0.058620125,-0.15419197,0.22545141,-0.015206784,-0.21821606,-0.008686334,-0.079283714,-0.34830993
163,-0.0029385984,-0.16777128,0.284109,-0.33756542,-0.18426645,0.17976183,-0.030658305,-0.03658928,-0.0012471005,-0.09863675
164,-0.10581645,-0.008165121,-0.045268208,-0.03408128,-0.007749796,0.24023473,0.24751863,0.29416233,-0.25380903,-0.016267002
165,0.21880251,-0.088327736,0.11838496,0.113195896,-0.16946271,-0.21514732,-0.0683656,-0.16232651,-0.24722558,0.16248554
166,0.28132015,0.08700818,-0.25921267,0.043094277,-0.100447655,0.117531836,0.034686387,0.2581023,-0.056835175,0.5956115
167,-0.35835186,-0.061428696,-0.038879156,-0.23321342,0.19370928,0.049306855,-0.036503077,-0.23808789,0.23031574,-0.10701263
168,0.13883215,0.11808449,-0.018584609,-0.027068723,0.37933773,0.09071761,-0.063052885,0.094064355,0.1449396,0.03245841
169,0.007728219,0.0030436069,-0.10556553,-0.07621932,0.11711067,0.27454925,0.17899998,-0.13188615,0.050331935,0.12168339
170,0.010760903,0.16474548,-0.05629438,0.0077705085,0.12421268,0.014010966,0.3003072,-0.25286704,-0.0015784875,0.20056123
171,-0.164258,0.05233237,-0.057042003,-0.15659405,-0.027269103,0.22741395,0.1115917,0.16334262,0.020985067,0.18709427
172,-0.17448932,0.32797182,-0.047694713,-0.066970766,-0.03193192,-0.11685595,0.28975403,0.065524176,0.031811774,-0.20977801
173,0.25328708,0.05657869,-0.0057318956,-0.03181462,-0.31381446,0.08650902,-0.2902423,-0.049601838,-0.05822772,0.17839971
174,0.052597404,-0.09273046,-0.041469753,-0.13459983,-0.26865178,0.24018395,-0.042433023,-0.20721999,-0.1214492,-0.26691967
175,-0.32977593,-0.11993853,-0.28028715,-0.05374223,-0.14825022,-0.25917035,0.029131114,-0.21017978,-0.20947558,-0.08484498
176,0.05105617,-0.13503367,-0.03861463,0.048320293,-0.0056042587,-0.1633563,0.06434098,-0.08766504,-0.15987313,0.1788019
177,-0.21684575,0.20377398,0.0009420365,-0.23494089,0.15130797,0.0017398894,0.2834673,-0.2392787,0.19483799,-0.14007266
178,0.23377049,-0.085609555,0.20978254,0.21699077,0.18578383,0.022337116,0.34192133,0.009585112,-0.010055639,-0.080654085
179,0.17129102,-0.3089075,-0.07727367,0.14599216,0.060527056,-0.04789087,-0.26364106,-0.2705384,0.016846001,0.08921617
180,-0.22012597,-0.051202044,-0.14248003,-0.00833711,-0.04658556,-0.1487844,0.12832338,-0.17096272,-0.10597992,-0.08556589
181,-0.11174093,0.042897373,-0.10932074,0.18204331,-0.12589285,-0.081489235,0.1910798,-0.19525695,-0.25276205,0.010181896
182,0.101132005,0.36633348,-0.0114578605,0.202622,0.2212739,-0.096948534,-0.2805974,0.10528463,-0.07996121,0.056809485
183,-0.029482547,0.11005047,-0.10233607,0.18552291,-0.17301458,0.035182774,-0.1253767,-0.13398242,-0.1302101,-0.025770545
184,0.24454695,0.1381138,-0.20436835,0.03424114,-0.32053906,-0.11753327,-0.036620587,0.1408515,-0.19947088,-0.081495956
185,-0.12919647,0.3687603,-0.25884575,-0.013907671,0.18886906,0.10622981,0.30749953,0.13958299,-0.26997656,-0.2198196
186,0.22348015,-0.255345,0.056582272,0.28159097,-0.34521532,-0.2715029,-0.036925584,-0.14239445,0.10359681,-0.1759426
187,-0.15302694,-0.30941445,0.24485362,-0.153481,0.09797168,0.0296489,0.010044903,0.2966596,0.19949159,0.15193272
188,0.067831576,-0.31449693,0.14007008,-0.31235838,0.14409584,-0.109471984,-0.004907042,0.24582586,-0.1352221,0.056036144
189,-0.0657793,0.0718084,0.21430546,-0.36473918,0.24903053,-0.04652095,0.070543796,0.08457595,-0.11026761,-0.15139195
190,0.14424688,-0.03574559,0.15129867,0.017342865,0.1319527,-0.043527406,-0.26691657,-0.1204468,-0.20163608,0.10116291
191,-0.0978414,-0.07466674,0.10161607,-0.039600965,0.06964728,-0.21986616,-0.03872281,0.08413783,0.011495233,-0.039806783
192,-0.014708936,-0.09118909,0.16522717,-0.14142007,-0.0020933151,-0.26976418,-0.29578686,0.018489113,-0.03908962,-0.10462123
193,0.048314467,0.047581136,-0.08732122,0.06418657,0.21102786,-0.027062342,0.03163451,-0.14214952,0.14206058,-0.31394005
194,-0.07204017,0.09114556,-0.00012111664,-0.02060134,-0.0918974,0.028276175,-0.018562824,0.08333439,0.1609714,-0.14564942
195,0.0032975674,-0.1037488,0.04759534,-0.02622655,0.20287246,-0.07518923,0.038788676,0.27859133,0.009488232,0.30581802
196,-0.23118937,0.288621,-0.265607,0.06786944,-0.27157706,0.20201355,0.08860776,0.114444494,-0.06646681,0.085711285
197,-0.105688006,0.19150734,-0.196742,0.21693784,0.11200285,0.070813626,0.22931409,0.008470178,-0.18536901,-0.04782015
198,0.0055425465,0.10913277,-0.36189705,0.01783681,0.00015163422,0.089167714,0.013654098,0.008436326,-0.21655935,-0.055745304
199,0.27180964,-0.18356787,-0.02020409,-0.13755715,-0.23977077,-0.0652107,-0.106241524,0.059348345,0.18618694,0.24200353
200,0.12937436,-0.012914851,-0.26220042,0.26843005,0.27763742,0.023241103,0.0009470284,0.11820957,-0.19974193,-0.20204222
201,-0.08944535,-0.07103023,-0.009688854,0.21468234,-0.21370131,0.24786568,-0.05580911,-0.35060686,-0.00026005507,0.26698714
202,-0.07157645,-0.23656797,-0.04491976,-0.002973199,0.16643143,0.0052764416,0.29087502,0.17884508,-0.15833324,-0.055614024
203,0.31826848,0.00899823,0.029937714,0.023040771,-0.04240361,-0.13809761,0.23841298,0.29171145,0.019652694,0.111022994
204,0.09707451,0.19473934,-0.06571135,-0.19248113,0.17225772,0.33365542,-0.11427733,-0.014888734,0.109757364,-0.22728229
205,-0.1409775,-0.2772056,-0.06449506,0.090085514,0.04673946,0.1677047,0.037743792,-0.117902696,0.1509046,-0.014267445
206,0.19241893,-0.2642085,0.087297514,0.061629415,0.11542636,0.2655297,-0.17264837,0.092399,-0.08527066,0.30262434
207,0.20322022,-0.27590328,0.13147211,0.10360038,-0.2318623,-0.22532672,-0.24322087,-0.16311255,-0.2884344,-0.09021667
208,0.13470297,0.07703096,-0.032469288,0.19315886,0.03481759,0.065901995,-0.18795472,0.16793317,0.023660943,0.035970174
209,-0.006583452,-0.103260875,-0.017460696,-0.19806418,-0.23988676,0.010354906,-0.0011343956,0.10115117,-0.27320892,0.26105183
210,0.005853057,0.3052661,0.11694789,0.36516428,0.28375566,0.03414935,-0.28313488,-0.31618226,-0.22120321,-0.3688249
211,-0.2052303,-0.24327958,0.20299762,0.0680287,0.023036957,0.22087768,0.20770413,-0.16180092,0.26818275,0.050010085
212,0.14416933,-0.20839727,0.3505585,-0.011097211,0.080292016,0.0955033,0.0016637743,-0.23381805,-0.15331507,0.09450915
213,0.1731888,0.06967177,0.1291545,0.29974958,0.083935976,0.11661273,-0.089434564,0.13460863,-0.1739609,0.02264531
214,0.043973356,0.06418741,0.055790097,0.09027839,0.18887848,-0.16146415,0.1971178,-0.009159714,0.015109897,-0.06924477
215,-0.053919405,-0.13651648,0.035797358,0.055686742,-0.08087851,0.19805121,0.19799972,0.06523049,-0.13837603,0.18599427
216,0.19823003,0.24899644,-0.15071231,0.31008834,0.1073271,-0.037933886,0.083464056,0.29059565,-0.19974917,-0.18873471
217,0.051990032,-0.013949782,0.29161382,0.31350106,0.0930033,0.025646567,0.060956728,0.0077704787,-0.011696458,-0.10803479
218,0.18036151,-0.09999749,-0.036584854,0.20359135,-0.021640718,0.23558962,-0.13182878,-0.04763381,-0.1488365,0.23157758
219,0.2264998,-0.072725564,-0.13081849,-0.08305058,0.077923596,-0.10822147,-0.21933448,0.3197729,-0.0023045242,-0.31667572
220,0.025631428,0.23548922,0.316724,0.13321671,-0.01937607,-0.07924098,0.04392183,-0.035948873,0.04907304,-0.22654855
221,-0.10526255,0.07535237,0.13943481,-0.08620021,0.19910417,0.2526372,0.023422658,0.17461395,-0.21442017,-0.0028371215
222,0.09755729,0.27865827,0.08094126,0.0017657727,-0.06329149,0.07674974,-0.12650391,0.108552516,0.0022960603,0.17453098
223,0.27364236,-0.12531814,-0.030828893,-0.03684491,0.00085419416,0.084683,0.027288735,0.15251225,0.026892751,-0.020924717
224,0.11891973,-0.097270966,-0.04806447,-0.05500707,-0.35407346,0.24819589,0.0631285,0.26293498,-0.12691814,0.31673133
225,-0.14776689,-0.041214794,-0.0053594373,0.060423017,0.042964358,-0.12973198,-0.10337577,0.105866134,0.19517243,0.0152154565
226,-0.003156066,0.23502606,-0.07991028,-0.16208902,0.15823984,0.03209248,-0.13693035,-0.08422965,-0.07560301,0.27786452
227,0.02145566,-0.31946844,0.016694635,-0.19188601,-0.032601275,0.008157253,0.24349546,0.27328748,-0.02391003,0.36228013
228,0.18364114,0.076592594,-0.06945756,-0.007929761,0.011323869,0.2508061,-0.2900198,0.010392901,-0.07287571,-0.123962104
229,-0.0075440705,-0.40942252,-0.41984284,0.26429075,-0.17637026,-0.06834254,0.26573795,-0.3620299,0.081231594,-0.10835701
230,0.0034196973,-0.32966113,-0.03220147,-0.11188766,-0.26553458,0.17398727,-0.22764802,-0.27971816,-0.21067369,0.20742837
231,0.156313,0.107661545,-0.0812203,-0.053746402,0.05378467,0.085342765,-0.095403105,0.05036494,0.038759857,-0.23915339
232,0.039159834,-0.09723896,-0.14364582,0.06721029,0.039422806,0.15931046,0.33917695,-0.30989325,0.16286263,0.18709227
233,0.22872263,0.05351887,-0.056627333,-0.2918334,0.34230113,0.08907719,-0.21673787,-0.07097298,0.30467713,-0.061072737
234,0.17636442,-0.06832931,0.059748232,-0.12352711,-0.31013542,0.26663762,0.10394484,0.10594332,0.22617668,-0.007130692
235,0.05258061,-0.056347787,0.082742184,-0.2042251,0.19573742,0.15075266,-0.07677448,0.31710017,-0.21257776,-0.33261353
236,-0.017525971,0.0069574118,-0.08370854,0.07953137,0.18405497,-0.2525835,-0.0041410923,-0.036076546,-0.20370507,0.010155886
237,0.20108262,-0.106466085,0.15652922,0.04930547,0.08766493,-0.082351685,0.072618484,-0.18449411,0.20384133,0.10212338
238,0.14448273,0.14961934,0.03189004,0.06394869,-0.247868,-0.053497046,-0.24503767,-0.1323697,-0.26111895,0.20481652
239,-0.21909612,0.2666992,0.1500839,-0.049431607,0.06420334,0.2340033,-0.12159387,-0.18219006,0.27485502,-0.04983321
240,0.16525936,-0.24423665,0.06604928,-0.13488892,-0.0005505085,0.0076289773,0.0009843409,-0.003254354,-0.09847435,-0.04082504
241,0.119870305,0.03373143,-0.1261822,0.20567358,0.03450203,-0.10065993,-0.116817914,0.016539797,-0.0050437152,0.030549712
242,-0.11364347,0.01759553,-0.14645159,-0.2704013,-0.14310122,-0.18301,0.063777626,0.18631637,0.22170067,0.23345286
243,0.21314088,0.08214503,0.029378027,0.18963826,0.096669525,0.08280894,-0.19357052,-0.10969825,0.25990653,-0.04634416
244,-0.2232348,-0.12453246,-0.046708226,0.006023295,0.024545029,0.2662659,-0.01394622,-0.13350213,-0.08856684,0.067353636
245,-0.20159781,0.24899065,0.07079911,0.09644103,-0.11635935,-0.07417202,0.054303706,-0.19030279,-0.18194675,-0.29780942
246,-0.048654333,0.085589826,0.04409474,-0.0831385,0.03468837,-0.21924335,0.2859618,-0.16704476,-0.2763638,0.10427481
247,-0.11441657,-0.08757411,-0.08672777,-0.1594792,-0.2537132,0.012226492,-0.26494622,0.26857877,-0.07383549,0.048170984
248,0.26610482,-0.05516088,0.20751747,0.11385912,-0.14126316,0.19465482,0.22541636,0.10796416,0.015571117,0.050144523
249,0.09983858,-0.1225214,-0.18499213,-0.10433401,-0.076599896,0.2995851,-0.15352279,0.021892965,0.17617211,0.13764478
250,-0.25423566,-0.2139284,0.0064920783,-0.33561254,0.08035874,0.028186917,0.25863415,0.14049394,-0.07318005,-0.17403933
251,0.19352967,0.09321445,0.08011715,0.037997425,0.0795439,-0.10395709,0.08183178,-0.03829801,-0.10098547,0.22762507
252,0.068772405,-0.070204735,0.2443943,-0.31718528,0.15752208,0.052982662,0.08768917,0.11796051,0.12145215,-0.20583996
253,0.10803941,-0.35023284,-0.033157647,0.078754924,-0.015139669,-0.113545954,-0.17652506,0.1661585,0.06502393,-0.23813379
254,0.039747342,-0.26306835,-0.17782724,-0.23782611,0.22307861,-0.3285824,-0.042926587,0.15432882,0.09943056,-0.22672349
255,-0.039628275,0.22560948,0.13072264,-0.02474299,-0.15419051,0.15022847,0.08161395,-0.006561935,-0.0024928898,0.16026956
256,0.23825377,-0.06679135,-0.02225104,0.020614386,0.060088098,-0.028452396,0.19424659,-0.19170088,-0.10637233,0.078704625
257,0.10613349,-0.020402044,-0.27277386,-0.17694144,0.06745399,0.01086989,0.014268935,0.06358063,-0.3015288,0.23964387
258,0.057189047,0.14479059,0.046892047,-0.16028988,-0.049453557,0.28711563,0.10687274,-0.15296862,-0.24203181,0.22515628
259,-0.15375105,-0.09685153,-0.011289885,0.18250668,-0.20218064,-0.082042634,0.33765197,-0.33676147,0.122759104,0.40517735
260,-0.07383705,0.10451406,-0.06041704,0.029687583,0.17624047,-0.14418656,0.20789051,-0.11975016,-0.022124022,-0.05492124
261,-0.19767857,0.0783115,-0.08235896,-0.12993842,-0.035460114,0.038018286,-0.18419515,0.37747586,-0.030794084,-0.3223542
262,0.24613792,0.070239484,0.059082597,-0.072298944,-0.23870385,-0.2142323,0.26758388,0.28993022,0.018534526,-0.13936406
263,0.18857688,0.12927571,-0.02960658,-0.06717211,0.11478998,-0.039673418,0.040753365,-0.14027387,0.089155145,-0.16188017
264,-0.3633234,0.2414731,-0.025064439,0.150765,-0.06739122,-0.18252367,0.049372315,-0.30495661,0.052698344,0.19751751
265,-0.21836582,-0.061295167,-0.25895774,0.12585211,-0.2302577,0.0530836,-0.10882339,0.25520623,-0.10076779,-0.0913654
266,0.042077184,0.060901534,-0.124824405,-0.21678525,-0.22773114,-0.31945586,0.09795031,-0.047555417,-0.17740294,0.09640801
267,-0.076976985,0.04579109,-0.09791905,-0.06043388,-0.049662173,-0.08048156,0.07543547,-0.08671796,-0.059077144,0.3765572
268,0.031680465,-0.042099953,0.22165287,0.04687427,0.086539924,-0.15491134,0.0049001276,0.048990667,-0.111323416,-0.29203165
269,-0.011177182,-0.0014364421,0.28981036,0.07441303,0.16898936,-0.2475043,-0.014473617,-0.04250115,-0.2481845,-0.18458784
270,0.025535457,0.083862185,0.035237014,-0.091737136,-0.1084663,-0.07312679,0.09283246,0.11697242,-0.17343256,-0.10932869
271,0.2506248,0.06523824,0.0727295,-0.06258899,0.054408967,0.047571152,0.07561083,-0.14553428,-0.0049852906,0.16894212
272,-0.066571444,0.008917183,0.32278758,-0.121196344,-0.028219938,-0.04604362,-0.25308383,0.12306169,5.558133e-05,0.17107314
273,0.09009473,-0.061020255,-0.11202091,-0.0026342273,0.26410425,-0.20528781,0.093410015,-0.34118468,-0.2572897,-0.15666044
274,-0.1197471,0.22118413,-0.031154335,0.27293473,0.04350245,-0.24766958,0.045894533,0.037718505,-0.13972008,-0.025483273
275,0.043668047,-0.30121762,-0.08855915,-0.21617767,0.24980295,0.30215794,-0.15453151,0.07067761,0.12665129,-0.09812477
276,0.21988475,-0.331748,-0.19628197,-0.24893981,-0.33968204,-0.053137228,0.12362376,-0.06469369,-0.050228573,-0.19124828
277,-0.005792573,0.05144608,-0.0084346235,-0.19506091,0.017443478,0.2528755,-0.118969664,-0.11428529,0.19413912,-0.21033096
278,0.051628023,-0.08924246,-0.17136201,0.08130291,0.05876629,-0.16257632,-0.31118274,0.051654935,0.1563657,0.065326065
279,0.14479542,-0.09629077,0.07322866,-0.010201454,-0.20627332,-0.07209226,-0.092632115,-0.27763236,-0.08167657,-0.23177874
280,-0.18748397,-0.18097919,0.02960498,0.01356715,0.18888551,-0.036819786,0.09725076,-0.18175423,0.02133403,-0.0751701
281,-0.07911828,0.29456145,-0.21237746,-0.07374786,0.008877784,0.054008335,-0.23531067,-0.19943708,-0.090103686,0.06539264
282,0.06744328,-0.12705632,-0.03431586,0.24623832,-0.1375621,-0.076326996,0.086213365,0.36795467,-0.053155363,-0.09141168
283,0.02493757,-0.22244266,0.24191773,-0.0413301,0.25491005,0.0151441395,0.19051442,0.14190659,0.10360867,-0.03651075
284,0.12879056,0.16906267,-0.08944093,0.22140723,0.027851537,-0.023501605,0.32332534,0.10210773,0.038528353,-0.035709947
285,0.22927666,0.22502321,0.058312654,0.09967446,-0.14704245,0.05446583,0.00058734417,0.09034994,-0.10231912,0.22768193
286,-0.08283073,0.16132084,0.043785214,-0.32326102,-0.031094015,0.035306916,0.059634656,0.22866732,0.18165886,-0.18574649
287,-0.032087676,0.25333983,-0.34185493,-0.016099602,-0.28561246,-0.25599015,-0.12966925,-0.16618633,-0.037885427,-0.06347273
288,0.004124988,-0.3974576,0.16582519,-0.24913073,0.26732486,-0.024380922,-0.09197749,0.08108157,-0.14611968,-0.2051785
289,-0.18433219,-0.0977487,0.16908364,0.20590335,0.276156,-0.120942,-0.17843854,0.31174284,-0.037926406,0.32422996
290,0.33570534,0.12898499,0.16914527,-0.0924381,-0.08925727,-0.13993168,0.28652763,-0.097605795,0.031401932,0.25495198
291,0.12599882,0.37358642,-0.14507884,-0.12997162,-0.23891929,0.027980082,-0.07087815,-0.27257597,-0.005230233,0.36675707
292,0.08729452,-0.0028855652,0.33867168,-0.012257259,0.02596439,-0.17937684,-0.093538225,-0.19055325,-0.109450676,0.1973995
293,0.053971156,0.29837704,0.047971606,-0.14619261,0.043896116,-0.09179591,0.05629705,-0.011647701,-0.07553591,0.047313794
294,0.04928267,-0.09395197,0.08639941,-0.16497117,0.22127324,-0.03774129,0.08567996,0.06928572,-0.02567938,-0.10877183
295,-0.013500728,0.046013385,-0.08449473,-0.026254654,-0.19631171,-0.090290904,0.1729671,0.00065106153,0.066975325,0.04044062
296,0.055884093,-0.20818132,0.11696029,-0.07587862,-0.022309303,-0.27662027,-0.07349798,0.09618319,0.041830987,-0.1610207
297,-0.17418939,-0.059619486,-0.027982026,0.1250056,0.2537451,0.18758762,0.23127669,0.018281668,-0.0024900883,0.19145319
298,-0.28201127,0.09953308,0.040873915,-0.35531121,0.28071898,-0.02908533,-0.19815764,-0.080429375,0.11152357,0.06727213
299,-0.27404207,-0.0583874,-0.019741625,0.09571406,0.26974773,-0.0056093335,0.002640605,-0.08071327,0.030879974,-0.08393586
300,0.06875837,0.033394843,-0.10256648,0.14595047,-0.24522817,0.048668712,-0.22172892,-0.05575779,-0.00870242,-0.33563668
301,0.16023214,-0.048430175,-0.24438375,-0.044763036,0.0011372566,0.023872495,-0.009518828,-0.2576191,0.06132871,-0.18929636
302,-0.18759888,-0.26091915,-0.31950146,-0.04657581,-0.2057268,-0.12644035,-0.11699322,-0.052039623,-0.13773268,-0.07461708
303,-0.24272728,-0.27100194,0.23604906,0.15852243,-0.061629653,0.15866436,0.055724308,-0.07295948,-0.12380183,-0.0030176044
304,-0.22446005,-0.26426893,0.25812173,-0.19140452,-0.02399081,-0.034913063,-0.12277734,0.01366657,-0.2444993,-0.033732586
305,0.14479458,-0.026054382,0.014692217,0.16760218,-0.13979232,-0.19248104,-0.025666978,0.022309124,-0.010782272,-0.12685478
306,0.040101856,-0.1481002,-0.0021439195,-0.094506465,0.18636692,0.033286512,-0.017338626,-0.23963928,-0.18340361,0.051205218
307,-0.14547479,0.2708624,-0.3217908,-0.08304328,-0.008500606,0.08635187,-0.27431422,-0.1957978,0.28363633,0.08034776
308,0.24036285,0.028477818,0.19876742,-0.18334146,0.18641537,0.22549921,0.005822733,-0.14566207,0.010272741,-0.29372853
309,0.005445823,-0.16266882,0.04922545,0.032167614,-0.10086733,0.26646388,-0.33885932,0.1899251,-0.19140112,0.28904217
310,0.113391995,-0.3222955,0.06809074,-0.13093781,0.12848711,0.08722824,-0.27998358,0.031202465,-0.2892037,0.020533264
311,0.028995931,-0.3685823,-0.025008917,0.08947253,0.010295313,0.033987105,0.11804366,0.12993819,0.26175284,-0.19168913
312,-0.1368357,0.073408574,0.14753526,-0.061981887,0.0941993,-0.16121846,-0.29775357,-0.08328265,-0.024280727,-0.23158944
313,0.35130256,-0.41710997,0.34365982,0.1142512,0.053348795,0.011359811,0.19544584,0.032070518,-0.092668116,0.2276395
314,0.16924942,0.2462399,0.0880529,-0.19014238,-0.14269966,0.10412492,-0.23751694,-0.2439667,0.041681424,-0.2114132
315,-0.02609536,-0.15996331,-0.2341497,-0.10666698,0.019934371,-0.31940937,-0.0706709,-0.02793574,-0.29106992,-0.024193741
316,-0.02939576,0.22021294,0.096956916,-0.038492978,0.015477657,0.08321977,0.030850753,0.20002604,-0.2978785,0.18907994
317,-0.087634236,0.023715138,0.08795729,-0.1239807,0.07069492,0.091380626,0.21000317,0.25522327,-0.04554671,-0.079292655
318,-0.07318479,0.16585857,-0.1769141,0.088272095,-0.025959514,0.02570206,-0.16772667,-0.010792375,-0.09148437,0.3037414
319,-0.1859752,-0.08130946,-0.23173171,0.064704776,-0.08906366,0.21294525,0.15499985,0.11765781,0.20833676,0.03307575
320,-0.08504152,0.0013528168,0.17308748,-0.13315475,-0.02277863,0.04009068,0.014491066,-0.03433171,-0.2273106,0.1972745
321,-0.24354535,0.30076057,-0.056626156,0.12725046,0.1877505,0.0524742,0.3211754,-0.046791278,0.14634848,0.23832554
322,0.1562311,-0.031184122,-0.13494128,-0.2548263,-0.18879229,-0.08074814,0.06506581,0.18611658,-0.15866792,-0.21201435
323,0.0039936304,-0.07276639,0.24718165,0.14290136,0.14117658,0.22612268,0.18166015,0.16229263,-0.08924875,0.14054376
324,-0.3022982,-0.13704371,0.012789398,0.053369626,-0.08856644,0.04175502,-0.0772828,-0.21895021,-0.12460837,-0.22076952
325,-0.0649102,-0.21256801,0.055506513,-0.0091897845,-0.02035667,0.18561569,0.06256716,0.0604914,-0.17284775,-0.17374158
326,0.06682575,-0.04233323,0.06124705,-0.12554716,-0.03475982,0.06254718,0.018530518,0.07870708,-0.10031797,-0.047546744
327,-0.16997111,0.08752598,0.19645655,-0.043387312,0.022674441,-0.2926811,0.14102659,-0.0033462048,-0.13828434,-0.08035128
328,0.015390828,-0.34366024,0.10852343,-0.11173533,-0.18197465,0.07699451,0.110253066,-0.1790154,-0.21052414,-0.11873241
329,0.274131,0.0341381,-0.060881197,0.1526517,0.025417104,-0.35459197,-0.22510362,-0.28646368,-0.29247046,0.002198577
330,-0.2302472,0.21852726,-0.011812121,0.04063201,0.22669977,0.26551357,0.19034886,0.2449674,-0.17216477,-0.1370489
331,0.37992173,0.07885778,-0.09788847,-0.34900486,-0.281857,-0.28285676,0.028979272,-0.1880275,-0.13184048,0.1280868
332,0.07844412,-0.087231755,-0.052243292,0.02597022,0.1543375,-0.105299145,0.06521183,0.022586577,0.072090566,-0.21557558
333,0.24648803,-0.012903094,0.18455645,-0.20380116,0.32978427,0.19058079,-0.02087504,-0.19088376,-0.09752037,0.0820899
334,0.033495724,-0.27260828,0.07324082,-0.29578447,0.26066646,-0.17502981,0.06297809,0.16686651,-0.0064191893,-0.22732055
335,0.20966873,-0.12052104,-0.038905084,-0.15882078,0.073081285,-0.03778854,0.063524425,0.07521638,-0.0054356307,0.17146903
336,0.022941679,-0.072584935,0.018685251,-0.06242287,-0.050319284,-0.20669541,0.045998596,-0.094911665,-0.14464453,0.14090455
337,-0.35013384,0.0013659596,-0.078096956,-0.06309846,0.035816625,0.18257621,0.04095912,0.18536979,0.004262507,-0.14722556
338,-0.10709193,-0.21819419,-0.0038089901,-0.0131956935,-0.027879119,0.21504709,0.07725075,-0.09429842,-0.25608355,0.08777267
339,0.22136536,-0.25257635,-0.06884307,0.26176077,0.060641468,0.23666105,0.23090398,-0.0007185936,-0.15073031,-0.00812096
340,-0.0626072,-0.030363113,-0.072114974,0.0042885095,0.07661295,0.17709911,-0.21112892,0.28483707,-0.20610604,0.023935884
341,0.16402452,-0.18344098,-0.024710447,0.08196771,-0.22234553,-0.07677984,0.18293852,0.26886654,0.10619855,0.08295697
342,0.2752437,-0.02640304,0.25074384,-0.07884717,-0.30590916,-0.09228915,0.015062511,-0.029790998,-0.16362184,-0.130015
343,0.017180726,-0.033743277,0.09501538,0.3408158,0.04808718,0.10825649,0.057437528,0.088915765,0.14753479,0.033434242
344,0.12701231,-0.13061917,0.16753513,0.016813695,0.26918375,0.05929883,0.23553282,-0.2656458,0.22895712,-0.18337949
345,0.2826054,0.26789716,-0.11781447,-0.1011444,0.32840878,-0.050848633,0.06827058,0.177621,-0.010409892,0.25235504
346,0.026954532,0.038292527,0.22964126,-0.23111412,-0.15864348,0.3177057,0.26594326,-0.026463497,0.20640409,-0.23669878
347,0.12058103,-0.17005318,0.21169674,0.09707725,-0.28041017,0.13759476,-0.16482109,-0.28011972,0.2729658,-0.07797006
348,-0.18153268,-0.35705882,0.066979386,-0.33445758,-0.18223166,0.2510361,0.18682665,-0.034364805,0.16475281,0.10470587
349,-0.10772443,-0.13701513,0.29831183,0.08654477,-0.28819996,0.02236873,-0.014374748,-0.049080342,0.23397398,0.22216135
350,-0.21904808,-0.13952836,0.07442045,-0.29201764,-0.22604376,-0.08045256,0.050683975,0.2697788,-0.067609906,-0.20108429
351,-0.022694647,0.09976044,0.016544359,0.0029377043,0.18991482,0.12455626,-0.26871142,0.020337008,0.07836026,-0.15662664
352,-0.14120364,-0.18978018,0.17749012,0.08608544,-0.24046719,-0.13433862,0.27831355,0.05991578,0.25686735,-0.0029508173
353,-0.123146504,0.14359751,-0.047962666,0.10644969,0.2421999,0.08962239,-0.101341546,-0.23290119,-0.002168633,0.17460126
354,0.00926437,0.15411222,-0.0067263246,0.0073412657,-0.17090976,0.35563976,0.11817643,0.014217019,-0.26285768,-0.017025314
355,0.17723921,0.0044170767,-0.09051776,0.10475859,-0.24414521,-0.15863478,0.011384487,0.13088237,0.07015234,-0.20715967
356,-0.026656896,-0.022335269,0.0746178,-0.12988117,-0.013961613,-0.30839962,-0.23928332,0.29824173,-0.008699097,0.18557036
357,0.0729381,0.1688267,-0.2898308,0.3056976,0.18592815,0.2332333,0.11860615,-0.020487458,0.003334254,-0.0867725
358,0.050648242,-0.08726905,0.013118327,0.1210057,-0.29182047,-0.27551305,-0.16531074,0.33329672,-0.04222034,0.17685157
359,0.12456772,0.306857,0.30268383,0.07525706,0.0065782666,0.0038829148,0.015927091,0.15740371,-0.09848374,0.08540283
360,0.030403465,0.0019080937,-0.028777272,-0.12077962,-0.03836354,0.24982715,0.056911156,0.04052122,0.049156606,0.28406227
361,-0.17781097,0.13714382,-0.09066999,-0.043515198,-0.071430355,-0.17756277,0.07776791,0.02793331,0.08586022,0.07174379
362,-0.05836758,0.10672867,-0.030499637,0.09279439,0.07438928,-0.06752604,-0.15746456,-0.10047585,0.010613769,0.009000137
363,-0.1893641,0.05685222,-0.25095707,-0.12859976,-0.008692622,0.08813465,-0.07427791,-0.09365903,-0.0066993237,0.3187285
364,0.027090129,-0.27098495,-0.13776079,0.08684716,-0.2299965,-0.17708057,-0.109732985,0.07674388,-0.3260486,0.027263217
365,-0.139795,-0.24444664,-0.3280797,-0.18223253,-0.06518099,0.0641207,0.29715258,0.08450189,-0.09986667,-0.03521046
366,0.061799973,0.27650297,0.30913776,-0.3706622,-0.08714175,-0.17153245,-0.17385674,-0.12909311,0.10999346,0.35900795
367,0.08271468,0.3575992,-0.08987719,-0.051189333,-0.3400811,0.041227277,-0.07022989,0.079160795,0.17407453,-0.1845015
368,0.07317743,0.078747526,0.0062007755,-0.06525546,0.033493638,-0.05145234,0.08742401,0.07778737,0.005761072,0.17185101
369,-0.20805645,0.17286861,0.083714455,-0.22185856,-0.22359495,-0.22209376,-0.12340307,0.06870413,-0.07704362,0.10425319
370,-0.35966808,0.0045594573,-0.06814852,-0.078431755,-0.21435863,0.23831186,-0.26422036,0.19538718,0.099963814,-0.11072686
371,0.13617805,-0.007395491,-0.15733209,-0.02494514,-0.029791236,-0.1577659,0.017929286,0.0010227114,0.17205986,-0.20809388
372,0.08712281,0.2057463,0.23530692,-0.1677266,-0.06690687,-0.18176061,0.14487812,-0.01250875,0.34694684,-0.090197265
373,-0.088884264,0.13766411,0.04323566,0.27671236,0.09224999,-0.13483225,-0.018076986,-0.031218968,-0.06703077,0.04285668
374,0.23885012,0.0862052,0.04668676,-0.069170654,-0.09874235,0.07192886,0.03144586,-0.10621208,-0.02341944,-0.032764256
375,0.07788454,0.3571365,0.121959746,0.23614085,0.057591975,0.29264647,0.2349149,-0.102838784,-0.2711643,0.0842514
376,0.2624023,-0.25192267,0.14533949,-0.2020905,0.013604939,0.16332781,0.35693544,0.23264748,-0.30097997,-0.24655282
377,-0.09233497,-0.07132754,0.36961287,0.22881526,-0.1550704,0.05848506,-0.20629382,0.11211187,0.11365551,0.25070477
378,-0.06330645,0.16039015,0.18294692,-0.18011329,-0.16678149,0.17134774,0.13206606,0.17845838,-0.0031709373,0.07790393
379,-0.1830681,0.16342893,-0.09806532,0.087587625,0.11320683,-0.05953148,0.28719944,0.06995255,-0.033423036,0.17080754
380,0.015204601,0.31133896,-0.06863633,0.06901206,0.07173753,-0.37510973,0.2277556,0.03472233,-0.06979221,-0.30733132
381,0.20356375,0.22564125,0.017604083,-0.098765045,0.11614901,-0.010010064,-0.16326785,-0.17858458,-0.23258424,-0.045952946
382,0.082523376,-0.15550089,0.01887855,-0.09141284,0.014415294,0.007512808,0.011749417,0.062583536,-0.18718444,0.24040776
383,0.07908027,-0.14077741,-0.010041973,-0.0025877021,-0.030402556,0.1278072,0.109329045,0.04352498,0.0036351979,0.07259667
384,-0.10856655,0.14496751,0.0914284,0.04870653,0.054783925,0.03079474,0.22370575,-0.069398075,0.027349375,0.19832647
385,-0.01471293,0.12932548,0.27521282,0.179261,-0.110586464,0.28920382,0.12579747,0.0851773,0.049309164,-0.2074166
386,0.15170415,-0.012057632,-0.04278201,0.23494983,-0.1455247,0.07264525,-0.24410242,0.3448865,0.23564684,0.08710599
387,0.23374954,0.19333503,-0.039482653,0.04509726,0.1584017,0.2829997,0.015188903,0.16692448,0.15092763,-0.27409118
388,0.07180911,-0.24653482,0.042718515,-0.0492384,-0.27558714,0.29247528,-0.0149207115,-0.05694598,-0.010961235,0.023347132
389,0.2844848,0.08970791,-0.20404124,0.27987355,-0.36241633,-0.20717159,-0.22337109,-0.2627967,0.006260693,-0.27271426
390,-0.13453427,0.2701624,0.11162114,0.04454127,-0.05480457,-0.2786685,0.30729344,-0.24931806,-0.121324554,-0.20612136
391,0.047278613,0.1706033,0.028862655,-0.17730269,-0.17103744,0.068273425,0.022931635,0.16414648,0.23706925,0.16540927
392,-0.14481434,0.105334505,-0.17654826,-0.020185918,0.13169491,0.12045128,-0.2640487,-0.27185917,-0.20116061,-0.24821675
393,-0.2153005,-0.027377531,0.3970315,0.05101697,-0.013568759,0.080695346,0.110619605,-0.25427103,0.14754456,0.0080631375
394,-0.24827713,0.40657264,0.051238418,0.016238034,-0.044067442,0.00774613,-0.12813938,0.18517937,-0.24097347,0.2202172
395,-0.09776446,-0.21557778,-0.07321161,0.13842762,-0.0054043904,0.31564075,-0.05148247,0.17714846,-0.12451309,0.18542892
396,0.083388865,0.2485066,0.15914692,-0.11900696,0.13286456,-0.10749087,0.27534986,0.059226304,-0.16123204,0.14005876
397,0.060073465,-0.39242804,0.1805501,0.2005249,0.0005041361,0.27194995,-0.03802091,-0.0340002,0.06555027,-0.09483451
398,-0.32008463,0.13389888,0.0015521646,0.20463201,-0.09124902,0.19498783,0.21153694,0.2733416,0.13982597,-0.25805026
399,-0.20297068,-0.25981146,0.1252788,0.071383804,0.121954,-0.047344543,-0.32515293,0.01301901,0.06737681,0.1957019
400,-0.2008779,0.0073404163,0.1266525,-0.021720737,-0.2568047,-0.0009647608,-0.10880607,0.18589692,-0.25833416,-0.10233331
401,-0.1184192,0.015249729,0.09733608,-0.068101004,0.08627814,0.06267321,0.049310744,0.19634199,0.28986323,-0.037617113
402,0.091238946,0.24429989,0.3423655,0.1379697,0.14118278,-0.014178634,-0.18921757,-0.104810834,-0.03711751,-0.09841746
403,0.048820198,0.3134178,-0.22029245,-0.049649224,-0.007129401,-0.06732869,-0.023494065,0.11623806,-0.27588922,-0.091189444
404,-0.16279072,0.16905344,0.22053266,0.0110313855,0.023947716,0.22200447,-0.017575294,0.22302705,0.10258743,-0.07028355
405,-0.106055856,-0.09356052,-0.06862974,0.1505537,0.067540914,-0.08752316,0.14430869,0.18173128,0.047792345,0.06247373
406,-0.018769935,0.21410179,-0.04615587,-0.12275684,-0.012436509,0.28410047,0.35276723,-0.06251156,-0.09449667,0.2910583
407,0.29541624,0.035095334,0.119308054,-0.09740311,0.16982394,-0.06098461,-0.028952956,-0.18038583,0.2530503,0.14842474
408,-0.20303601,-0.2667424,0.11288026,-0.042410195,-0.052099884,-0.030894786,0.01128453,-0.1911596,0.0941357,0.15946496
409,-0.17578357,0.09591189,-0.012573734,0.018658116,0.07920386,-0.028561205,0.04030009,-0.2628311,0.029674947,-0.07540214
410,0.063251436,-0.053352833,-0.16613057,0.037438527,-0.115837455,0.12078476,0.15602967,0.082681865,-0.15827829,-0.087467335
411,0.057488307,-0.004314758,0.1185506,0.07927358,0.10301326,-0.17499888,0.025919713,0.115942836,0.005182028,0.24262062
412,-0.10479752,0.016038775,0.0071762204,0.056435376,0.3218165,0.26678863,-0.052425668,-0.13592869,0.044561714,-0.13175347
413,0.111738086,0.19847694,0.008505374,-0.09794626,-0.12549892,-0.16070098,-0.040829778,0.16664293,-0.15067664,-0.022571564
414,-0.119466186,0.28289086,0.2942989,-0.016229928,0.07038179,-0.018057317,-0.15642214,-0.17606616,0.20632008,-0.18872759
415,0.08454698,0.053527817,0.12526602,0.123758346,-0.16797516,-0.017559439,0.0068151653,0.28327164,0.18140078,-0.3324793
416,-0.035857975,-0.0100797415,0.0058365315,0.097494334,-0.076039866,-0.016782492,-0.13547769,-4.5597553e-06,-0.16868159,-0.022555731
417,0.2011069,-0.104170665,0.051925197,0.20629936,-0.011634856,-0.056333423,0.16023825,-0.29919177,0.16246217,0.2317608
418,-0.045337856,-0.25027907,-0.0819527,-0.18545711,-0.38441187,-0.08581871,-0.08286351,0.17562267,-0.21065368,-0.004026681
419,0.16639403,0.25930065,-0.048491895,-0.34639084,-0.20666891,-0.10832429,0.059472322,0.11407328,-0.2704305,-0.084011465
420,-0.16570908,0.2859726,-0.13449723,-0.050656036,0.06560391,-0.10022092,0.03402701,0.13821518,-0.08988273,0.29606664
421,0.29173118,0.34256697,-0.24276125,0.0028034449,0.25976348,-0.032467835,0.23682922,-0.14971793,0.08867085,-0.100929946
422,-0.17781758,-0.1342364,0.009788841,-0.020942688,0.052034616,0.23816389,0.30165333,0.17154175,0.08283075,-0.14868432
423,0.023872197,0.15997809,0.2714606,0.054735154,-0.054095715,-0.1405682,-0.24801475,0.22035393,0.09954627,-0.17285943
424,-0.0876326,0.053969607,0.031967625,-0.089805365,-0.071745336,0.1522172,-0.3163073,0.31513107,-0.14703453,0.033922702
425,0.06547265,-0.097340345,-0.09862521,-0.030401051,-0.19214016,-0.21302825,-0.13968602,-0.15704328,0.10722166,-0.11765468
426,-0.16428638,-0.08717173,0.2714364,-0.17201555,0.124884546,0.11677086,-0.17372954,-0.19797146,-0.0165734,-0.1768921
427,-0.106628954,-0.03398715,0.009354204,-0.25649524,0.14043686,-0.07429995,0.18090275,0.0116656795,0.1374206,0.13401845
428,-0.107849,-0.36460438,-0.046189547,0.23018062,-0.0678848,0.044348747,0.21461111,-0.19727844,-0.040271446,0.12644452
429,-0.13244095,-0.29549545,-0.05537623,-0.13012315,-0.027606249,0.029712602,-0.042396486,0.20823914,-0.1579749,-0.030665755
430,-0.16488147,0.10471758,0.007804565,0.022001669,0.022789061,-0.27157462,0.05386886,-0.20061868,-0.07617316,-0.07749334
431,0.07212591,-0.20077324,0.20162076,0.14028037,-0.12574866,0.045994163,0.012636956,-0.032099247,-0.14768863,0.19612843
432,0.08683873,-0.021419168,0.051888615,-0.11731184,0.08823773,0.0878405,0.19233784,0.25043476,-0.28335434,0.2368077
433,0.0038586147,0.22409779,-0.03504636,0.060243413,0.1298551,-0.18758148,0.05832015,0.25590074,-0.14738877,-0.11667639
434,0.061003923,0.13153005,-0.08992974,-0.03839408,-0.044627786,0.14810973,-0.096747845,-0.04249072,0.12081173,-0.2510367
435,-0.052915454,-0.07560632,0.1990675,0.0077243596,0.3103189,-0.020919593,0.18310463,-0.1916706,0.14470333,-0.09686762
436,-0.2591744,0.11053017,0.12012398,0.0817357,-0.068544686,-0.21958625,-0.024902035,0.066494286,0.10689157,0.14946628
437,0.08691943,0.19389206,0.13653389,0.071329676,-0.09202132,0.21246678,0.14880717,-0.07574135,0.010958567,0.16246903
438,0.051232934,-0.2396676,0.061790057,0.026707366,0.10673994,-0.010883927,0.40208498,0.16145694,0.19175082,-0.16642857
439,-0.041150272,0.20982128,-0.100150704,0.04082921,0.04775828,0.054077625,0.0578285,0.37705344,-0.015423482,0.12630218
440,-0.04106623,-0.053688154,-0.103104234,-0.28206098,0.051347435,-0.32908192,-0.026585162,-0.3423065,-0.032132983,-0.25858754
441,0.21980774,0.114046946,0.104413465,-0.18004751,0.029868923,0.1995405,0.11014074,-0.009320617,-0.26194704,0.43953544
442,0.03305964,-0.2372922,0.0521632,-0.1630745,-0.32406092,0.030898882,0.05105225,-0.04821533,-0.26202148,-0.24955195
443,-0.016366482,-0.15350336,-0.1502412,0.16531813,-0.03366649,0.12786861,0.23752302,0.13814819,-0.13193119,0.027962714
444,0.006868601,0.13288361,-0.03879411,-0.10016936,-0.082490414,-0.046537906,-0.3465948,-0.12377447,0.044349596,-0.16479862
445,0.06349088,0.11731842,-0.26439112,-0.023756772,0.015993504,0.2530862,-0.05926685,0.05461389,-0.124041885,0.15132037
446,-0.14668703,-0.070933685,-0.2761672,0.0629766,-0.03839463,-0.08447349,0.10709426,-0.16764033,0.070428014,-0.15121737
447,-0.078358226,-0.18393257,0.0021657199,0.011820659,0.058516636,-0.13566017,-0.13097894,0.14588553,0.048921466,0.14592782
448,0.30307794,0.07938632,0.045973897,-0.058682203,-0.14547557,0.13828266,0.15580545,0.2970521,0.09010863,0.13179126
449,-0.14757642,-0.007491663,-0.19949114,0.12410809,0.07635789,-0.043405376,-0.09931862,0.23865339,-0.24733476,0.039591692
450,-0.0012622774,-0.07978189,-0.23228651,0.17759988,-0.058420133,0.000864923,-0.081243895,-0.052963912,0.0029382333,-0.06831065
451,0.24584356,-0.10204332,-0.08785236,0.12971735,0.11559385,-0.035724677,-0.17174602,0.26642078,-0.14377809,0.3724804
452,0.3577258,0.09148118,-0.058336005,-0.047207877,0.14843416,-0.1253222,0.3506234,0.15830737,-0.08563322,-0.03630209
453,-0.24508277,0.01911293,0.1281771,-0.006689012,-0.15573946,0.27621305,0.24142188,0.0416968,-0.087267816,0.13844633
454,0.35130754,0.16118693,0.39548922,-0.32951862,0.0579222,0.034053117,0.021169066,-0.13335893,-0.061454713,-0.0016502142
455,0.070195794,0.32366246,-0.22304845,0.12489713,0.15232736,-0.10760158,0.20572473,0.20227122,-0.0077904463,0.19162479
456,-0.14916086,-0.19685775,0.2177319,0.12982202,-0.2540031,0.05517918,0.23838413,0.1794734,0.13166958,-0.10498345
457,0.032171965,0.05788313,-0.07198131,-1.3768673e-05,0.15837157,-0.10414836,0.15719062,-0.03054455,0.005979717,-0.19137377
458,-0.09508194,0.024123996,-0.20222455,0.1243528,-0.2919352,0.036702782,-0.10088146,0.11297655,0.12765962,-0.1106295
459,0.042037487,-0.30124062,-0.26422605,-0.12167529,-0.17446676,-0.032870546,0.10004401,-0.2942176,-0.012208387,-0.30909896
460,0.09929409,0.009376645,0.048003018,-0.11821169,-0.032479346,-0.10494679,-0.14035428,0.033808842,-0.11265297,0.13791415
461,0.07679242,-0.05114299,0.25007743,-0.30453318,0.1395837,0.061688155,0.07718831,-0.0319565,0.0068226755,-0.11763707
462,-0.31259513,-0.08851895,-0.007259071,0.015229553,-0.01012814,0.10048713,0.20038849,0.23933142,0.082166664,-0.03401643
463,0.045759887,-0.18738532,0.111979246,-0.17091322,0.24468696,0.020100176,0.08214767,0.23030567,0.22652519,0.059560418
464,-0.04870814,-0.018532723,0.23990875,0.1790624,0.2110312,0.11309037,-0.13028198,-0.038462736,-0.09522252,-0.12016252
465,0.15919349,-0.0057810545,-0.093685806,-0.13948333,0.007008001,-0.11959195,0.27495813,-0.029355053,0.13183838,0.043905616
466,-0.044742584,0.24970555,-0.29656154,0.1687758,-0.0519615,-0.081599504,-0.05455442,0.094808996,-0.31476837,-0.007586926
467,-0.08239314,0.22540414,-0.22939438,-0.13677508,-0.22510695,0.2295385,-0.1863192,0.03694227,-0.13935903,0.13416559
468,0.3567649,-0.06885938,-0.18007268,0.25365376,0.17768008,0.29457504,0.15486282,0.03478314,-0.0060692728,-0.31802595
469,-0.23634592,0.22815505,-0.19915178,0.23470503,0.03560862,0.13792199,-0.18641883,0.29039973,-0.26931894,0.1637969
470,-0.09564876,0.006330669,0.2792477,-0.2586128,-0.10267332,0.31077975,-0.33537948,-0.25840166,0.016713575,-0.093867004
471,0.022392273,0.22482812,-0.07286337,-0.40802926,0.14164388,-0.2096793,0.24891031,0.15672928,-0.12507081,-0.11101326
472,-0.03390968,-0.2947011,0.24785852,-0.059423253,-0.32854092,-0.17438251,0.2768349,-0.06439732,-0.23237744,-0.01343292
473,-0.055039406,0.24406528,0.08161947,-0.07463729,0.35528982,0.37545037,-0.17131117,0.09278956,0.11451945,0.077387944
474,0.15108651,0.27653342,-0.060149163,0.07926762,-0.14063708,-0.04088509,0.07165328,-0.025603145,0.16657329,0.15788776
475,0.094032645,0.16650128,0.12179467,0.19881779,0.18462798,0.22418118,-0.043566525,-0.083422184,0.03120917,0.0766159
476,0.27220362,-0.17037013,0.121792376,-0.24245536,0.22078669,-0.030681193,-0.3283189,-0.065916166,0.31288773,0.055558413
477,0.017256498,0.14485085,0.07164773,0.30844218,0.1855933,-0.01709336,0.33946842,0.005426228,-0.14222372,0.09806597
478,0.18309432,0.085641414,-0.16005832,0.1993185,-0.014450729,-0.121394426,-0.09370795,-0.043553054,-0.034828812,0.037602037
479,-0.063164055,0.03737089,-0.2112819,-0.20484573,-0.006260991,0.20812246,-0.21962386,-0.10819323,0.14691833,0.009876192
480,0.15462095,0.30632597,0.12698996,-0.13801894,0.17220703,0.004141882,0.29709852,0.15947634,0.034989715,0.062491655
481,-0.18287086,-0.1880303,-0.15140642,-0.0066979527,-0.0530971,-0.011541128,-0.14059412,-0.24921066,0.2580908,0.27147868
482,0.038115114,0.38917667,-0.0065933317,0.004487261,0.11682087,-0.05248058,0.25846964,-0.20998508,0.16079977,0.091793954
483,-0.062413417,-0.26593816,0.09393349,0.08767399,-0.04517618,0.12506947,0.14101169,-0.119114935,-0.04612261,-0.16493309
484,0.053428024,-0.20480986,0.078167364,-0.24871163,0.24868208,0.06094244,0.18665633,-0.26959795,-0.16538864,-0.09106968
485,0.20145962,0.11060536,-0.3080087,0.075056314,-0.15120396,-0.11315903,0.019604474,0.04712212,-0.14994413,-0.14967513
486,-0.039152637,-0.3207659,-0.014241844,-0.085347176,0.249964,0.028473556,0.0006734431,0.26312608,0.18799111,0.22559679
487,-0.046201736,0.024126112,-0.053723678,0.26616114,0.0016444921,-0.07859188,0.043727368,-0.31410933,-0.060449623,-0.026937425
488,0.14929911,0.2743048,0.34618944,0.09797934,0.25313497,0.041329622,0.08004993,0.070216276,0.07962984,-0.04560253
489,0.071588576,-0.28668648,0.097053945,-0.049932003,-0.29434675,0.063972056,-0.02392602,-0.100161165,-0.11435372,-0.029905476
490,-0.11546826,-0.16117567,-0.02722469,0.041678786,-0.13755131,0.12677598,-0.23608911,-0.16780388,-0.07307877,-0.19574958
491,0.066581905,-0.26198483,-0.26544213,-0.23489964,0.26644617,-0.31464833,-0.39573085,0.1531207,0.07468805,-0.09158239
492,-0.09439018,0.3788854,0.12899774,0.12958407,-0.19930238,-0.17895854,-0.32398343,0.24854892,-0.020363241,-0.23261178
493,-0.3800786,-0.04393202,0.01871404,-0.016233414,-0.069708884,0.012908757,-0.08081886,-0.17658234,-0.054796606,0.07994652
494,-0.14357978,0.26357234,0.21435939,0.14896595,0.24896502,-0.2841575,0.3339038,0.09534225,0.07960719,0.18212503
495,-0.10763021,0.08671874,0.12542164,-0.014171518,0.007883728,-0.043635756,0.22712061,-0.079722404,0.124692,-0.095300585
496,0.16467232,0.20893982,-0.040382564,-0.14231537,0.0573982,0.0052798986,-0.0011031926,0.19873846,-0.10043827,0.27101028
497,0.03221768,-0.0057357587,-0.25120544,-0.14591804,0.3094525,-0.06567874,0.36141843,0.013402954,0.23020118,-0.009990096
498,0.24073395,-0.05386561,0.14810748,0.3009077,0.091112845,0.2107563,0.15286592,-0.10900235,-0.12792832,-0.1500426
499,0.18571836,0.046578288,-0.082526565,0.03717035,-0.004633069,-0.17189261,-0.1653823,0.026119873,-0.010776937,-0.059900537
